link_text,predicted_slug,exists_in_books_dir
attachments/My-Husband-and-other-animals---Book-1.jpg|height=120,attachmentsMy-Husband-and-other-animals---Book-1.jpgheight=120,False
My Husband and other animals - Book 1,My-Husband-and-other-animals---Book-1,True
attachments/Himalaya-A-Human-History.jpg|height=120,attachmentsHimalaya-A-Human-History.jpgheight=120,False
Himalaya: A Human History,Himalaya-A-Human-History,True
attachments/The-Search-for-India’s-Rarest-Birds.jpg|height=120,attachmentsThe-Search-for-India’s-Rarest-Birds.jpgheight=120,False
The Search for India’s Rarest Birds,The-Search-for-India’s-Rarest-Birds,True
attachments/African-Stories-anglais.jpg|height=120,attachmentsAfrican-Stories-anglais.jpgheight=120,False
African Stories /anglais,African-Stories-anglais,True
attachments/The-Silk-Roads-A-New-History-of-the-World.jpg|height=120,attachmentsThe-Silk-Roads-A-New-History-of-the-World.jpgheight=120,False
The Silk Roads: A New History of the World,The-Silk-Roads-A-New-History-of-the-World,True
attachments/The-Invisible-Doctrine-The-Secret-History-of-Neoliberalism-(&-How-It-Came-to-Control-Your-Life).jpg|height=120,attachmentsThe-Invisible-Doctrine-The-Secret-History-of-Neoliberalism-(&-How-It-Came-to-Control-Your-Life).jpgheight=120,False
The Invisible Doctrine: The Secret History of Neoliberalism (& How It Came to Control Your Life),The-Invisible-Doctrine-The-Secret-History-of-Neoliberalism-(&-How-It-Came-to-Control-Your-Life),True
attachments/The-Personal-Is-Political-An-Activist's-Memoir.jpg|height=120,attachmentsThe-Personal-Is-Political-An-Activist's-Memoir.jpgheight=120,False
The Personal Is Political: An Activist's Memoir,The-Personal-Is-Political-An-Activist's-Memoir,True
attachments/The-Yoga-Sutras-of-Patanjali-(Sacred-Teachings).jpg|height=120,attachmentsThe-Yoga-Sutras-of-Patanjali-(Sacred-Teachings).jpgheight=120,False
The Yoga Sutras of Patanjali (Sacred Teachings),The-Yoga-Sutras-of-Patanjali-(Sacred-Teachings),True
attachments/Zen-in-the-Art-of-Writing.jpg|height=120,attachmentsZen-in-the-Art-of-Writing.jpgheight=120,False
Zen in the Art of Writing,Zen-in-the-Art-of-Writing,True
"attachments/The-Three-Body-Problem-(Remembrance-of-Earth’s-Past,-#1).jpg|height=120","attachmentsThe-Three-Body-Problem-(Remembrance-of-Earth’s-Past,-#1).jpgheight=120",False
"The Three-Body Problem (Remembrance of Earth’s Past, #1)","The-Three-Body-Problem-(Remembrance-of-Earth’s-Past,-#1)",True
attachments/Complete-Book-of-Yoga.jpg|height=120,attachmentsComplete-Book-of-Yoga.jpgheight=120,False
Complete Book of Yoga,Complete-Book-of-Yoga,True
"attachments/A-Storm-of-Swords-Steel-and-Snow-(A-Song-of-Ice-and-Fire-#3,-part-1-of-2).jpg|height=120","attachmentsA-Storm-of-Swords-Steel-and-Snow-(A-Song-of-Ice-and-Fire-#3,-part-1-of-2).jpgheight=120",False
"A Storm of Swords: Steel and Snow (A Song of Ice and Fire #3, part 1 of 2)","A-Storm-of-Swords-Steel-and-Snow-(A-Song-of-Ice-and-Fire-#3,-part-1-of-2)",True
attachments/Who-were-the-Shudras.jpg|height=120,attachmentsWho-were-the-Shudras.jpgheight=120,False
Who were the Shudras,Who-were-the-Shudras,True
"attachments/Tits,-Boobies-and-Loons-ARE-ORNITHOLOGISTS-OK-2022's-funny-new-bird-identification-book,-the-humorous-guide-to-spotting-ornithology's-most-weird-and-wonderful-birds.jpg|height=120","attachmentsTits,-Boobies-and-Loons-ARE-ORNITHOLOGISTS-OK-2022's-funny-new-bird-identification-book,-the-humorous-guide-to-spotting-ornithology's-most-weird-and-wonderful-birds.jpgheight=120",False
"Tits, Boobies and Loons: ARE ORNITHOLOGISTS OK? 2022's funny new bird identification book, the humorous guide to spotting ornithology's most weird and wonderful birds","Tits,-Boobies-and-Loons-ARE-ORNITHOLOGISTS-OK-2022's-funny-new-bird-identification-book,-the-humorous-guide-to-spotting-ornithology's-most-weird-and-wonderful-birds",True
attachments/Deep-Work-Rules-for-Focused-Success-in-a-Distracted-World.jpg|height=120,attachmentsDeep-Work-Rules-for-Focused-Success-in-a-Distracted-World.jpgheight=120,False
Deep Work: Rules for Focused Success in a Distracted World,Deep-Work-Rules-for-Focused-Success-in-a-Distracted-World,True
attachments/UNEQUAL-Why-India-Lags-Behind-Its-Neighbours.jpg|height=120,attachmentsUNEQUAL-Why-India-Lags-Behind-Its-Neighbours.jpgheight=120,False
UNEQUAL: Why India Lags Behind Its Neighbours,UNEQUAL-Why-India-Lags-Behind-Its-Neighbours,True
attachments/The-Gifts-of-Imperfection.jpg|height=120,attachmentsThe-Gifts-of-Imperfection.jpgheight=120,False
The Gifts of Imperfection,The-Gifts-of-Imperfection,True
attachments/The-Silent-Patient.jpg|height=120,attachmentsThe-Silent-Patient.jpgheight=120,False
The Silent Patient,The-Silent-Patient,True
attachments/Love-for-Imperfect-Things-The-Things-You-Can-See-Only-When-You-Slow-Down.jpg|height=120,attachmentsLove-for-Imperfect-Things-The-Things-You-Can-See-Only-When-You-Slow-Down.jpgheight=120,False
Love for Imperfect Things / The Things You Can See Only When You Slow Down,Love-for-Imperfect-Things-The-Things-You-Can-See-Only-When-You-Slow-Down,True
"attachments/All-God's-Children-Need-Travelling-Shoes-(Maya-Angelou's-Autobiography,-#5).jpg|height=120","attachmentsAll-God's-Children-Need-Travelling-Shoes-(Maya-Angelou's-Autobiography,-#5).jpgheight=120",False
"All God's Children Need Travelling Shoes (Maya Angelou's Autobiography, #5)","All-God's-Children-Need-Travelling-Shoes-(Maya-Angelou's-Autobiography,-#5)",True
attachments/Around-the-World-in-Eighty-Days.jpg|height=120,attachmentsAround-the-World-in-Eighty-Days.jpgheight=120,False
Around the World in Eighty Days,Around-the-World-in-Eighty-Days,True
"attachments/A-Dance-with-Dragons-1-Dreams-and-Dust-(A-Song-of-Ice-and-Fire,-#5,-Part-1-of-2).jpg|height=120","attachmentsA-Dance-with-Dragons-1-Dreams-and-Dust-(A-Song-of-Ice-and-Fire,-#5,-Part-1-of-2).jpgheight=120",False
"A Dance with Dragons 1: Dreams and Dust (A Song of Ice and Fire, #5, Part 1 of 2)","A-Dance-with-Dragons-1-Dreams-and-Dust-(A-Song-of-Ice-and-Fire,-#5,-Part-1-of-2)",True
attachments/Doing-Realist-Research.jpg|height=120,attachmentsDoing-Realist-Research.jpgheight=120,False
Doing Realist Research,Doing-Realist-Research,True
attachments/Savarkar-and-the-Making-of-Hindutva.jpg|height=120,attachmentsSavarkar-and-the-Making-of-Hindutva.jpgheight=120,False
Savarkar and the Making of Hindutva,Savarkar-and-the-Making-of-Hindutva,True
attachments/Heads-You-Win.jpg|height=120,attachmentsHeads-You-Win.jpgheight=120,False
Heads You Win,Heads-You-Win,True
attachments/The-Bill-Gates-Problem-Reckoning-with-the-Myth-of-the-Good-Billionaire.jpg|height=120,attachmentsThe-Bill-Gates-Problem-Reckoning-with-the-Myth-of-the-Good-Billionaire.jpgheight=120,False
The Bill Gates Problem: Reckoning with the Myth of the Good Billionaire,The-Bill-Gates-Problem-Reckoning-with-the-Myth-of-the-Good-Billionaire,True
attachments/Scattered-Minds-The-Origins-and-Healing-of-Attention-Deficit-Disorder.jpg|height=120,attachmentsScattered-Minds-The-Origins-and-Healing-of-Attention-Deficit-Disorder.jpgheight=120,False
Scattered Minds: The Origins and Healing of Attention Deficit Disorder,Scattered-Minds-The-Origins-and-Healing-of-Attention-Deficit-Disorder,True
attachments/The-Trouble-With-Women.jpg|height=120,attachmentsThe-Trouble-With-Women.jpgheight=120,False
The Trouble With Women,The-Trouble-With-Women,True
attachments/Early-Indians-The-Story-of-Our-Ancestors-and-Where-We-Came-From.jpg|height=120,attachmentsEarly-Indians-The-Story-of-Our-Ancestors-and-Where-We-Came-From.jpgheight=120,False
Early Indians: The Story of Our Ancestors and Where We Came From,Early-Indians-The-Story-of-Our-Ancestors-and-Where-We-Came-From,True
attachments/The-Dawn-of-Everything-A-New-History-of-Humanity.jpg|height=120,attachmentsThe-Dawn-of-Everything-A-New-History-of-Humanity.jpgheight=120,False
The Dawn of Everything: A New History of Humanity,The-Dawn-of-Everything-A-New-History-of-Humanity,True
"attachments/First-Citizens-Studies-on-Adivasis,-Tribals,-and-Indigenous-Peoples-in-India-(Oxford-India-Studies-in-Contemporary-Society).jpg|height=120","attachmentsFirst-Citizens-Studies-on-Adivasis,-Tribals,-and-Indigenous-Peoples-in-India-(Oxford-India-Studies-in-Contemporary-Society).jpgheight=120",False
"First Citizens: Studies on Adivasis, Tribals, and Indigenous Peoples in India (Oxford India Studies in Contemporary Society)","First-Citizens-Studies-on-Adivasis,-Tribals,-and-Indigenous-Peoples-in-India-(Oxford-India-Studies-in-Contemporary-Society)",True
attachments/The-Naked-Man-A-Study-of-the-Male-Body.jpg|height=120,attachmentsThe-Naked-Man-A-Study-of-the-Male-Body.jpgheight=120,False
The Naked Man: A Study of the Male Body,The-Naked-Man-A-Study-of-the-Male-Body,True
attachments/Man's-Search-for-Meaning.jpg|height=120,attachmentsMan's-Search-for-Meaning.jpgheight=120,False
Man's Search for Meaning,Man's-Search-for-Meaning,True
attachments/The-Art-of-Loving.jpg|height=120,attachmentsThe-Art-of-Loving.jpgheight=120,False
The Art of Loving,The-Art-of-Loving,True
attachments/The-Essential-U.-R.-Ananthamurthy.jpg|height=120,attachmentsThe-Essential-U.-R.-Ananthamurthy.jpgheight=120,False
The Essential U. R. Ananthamurthy,The-Essential-U.-R.-Ananthamurthy,True
"attachments/The-Myth-of-Normal-Trauma,-Illness,-and-Healing-in-a-Toxic-Culture.jpg|height=120","attachmentsThe-Myth-of-Normal-Trauma,-Illness,-and-Healing-in-a-Toxic-Culture.jpgheight=120",False
"The Myth of Normal: Trauma, Illness, and Healing in a Toxic Culture","The-Myth-of-Normal-Trauma,-Illness,-and-Healing-in-a-Toxic-Culture",True
attachments/Justice-What's-the-Right-Thing-to-Do.jpg|height=120,attachmentsJustice-What's-the-Right-Thing-to-Do.jpgheight=120,False
Justice: What's the Right Thing to Do?,Justice-What's-the-Right-Thing-to-Do,True
attachments/Suragi.jpg|height=120,attachmentsSuragi.jpgheight=120,False
Suragi,Suragi,True
attachments/The-Book-of-Indian-Queens-Stories-&-Essays.jpg|height=120,attachmentsThe-Book-of-Indian-Queens-Stories-&-Essays.jpgheight=120,False
The Book of Indian Queens: Stories & Essays,The-Book-of-Indian-Queens-Stories-&-Essays,True
attachments/Victory-City.jpg|height=120,attachmentsVictory-City.jpgheight=120,False
Victory City,Victory-City,True
attachments/The-Crooked-Timber-Of-New-India-Essays-on-a-Republic-in-Crisis.jpg|height=120,attachmentsThe-Crooked-Timber-Of-New-India-Essays-on-a-Republic-in-Crisis.jpgheight=120,False
The Crooked Timber Of New India: Essays on a Republic in Crisis,The-Crooked-Timber-Of-New-India-Essays-on-a-Republic-in-Crisis,True
attachments/To-Kill-a-Democracy-India's-Passage-to-Despotism.jpg|height=120,attachmentsTo-Kill-a-Democracy-India's-Passage-to-Despotism.jpgheight=120,False
To Kill a Democracy: India's Passage to Despotism,To-Kill-a-Democracy-India's-Passage-to-Despotism,True
attachments/Despite-the-State-Why-India-Lets-Its-People-Down-and-How-They-Cope.jpg|height=120,attachmentsDespite-the-State-Why-India-Lets-Its-People-Down-and-How-They-Cope.jpgheight=120,False
Despite the State: Why India Lets Its People Down and How They Cope,Despite-the-State-Why-India-Lets-Its-People-Down-and-How-They-Cope,True
attachments/Stupid-White-Men-&-Other-Sorry-Excuses-for-the-State-of-the-Nation.jpg|height=120,attachmentsStupid-White-Men-&-Other-Sorry-Excuses-for-the-State-of-the-Nation.jpgheight=120,False
Stupid White Men & Other Sorry Excuses for the State of the Nation,Stupid-White-Men-&-Other-Sorry-Excuses-for-the-State-of-the-Nation,True
attachments/Exploring-Statistics-A-Modern-Introduction-to-Data-Analysis-and-Inference-(with-InfoTrac).jpg|height=120,attachmentsExploring-Statistics-A-Modern-Introduction-to-Data-Analysis-and-Inference-(with-InfoTrac).jpgheight=120,False
Exploring Statistics: A Modern Introduction to Data Analysis and Inference (with InfoTrac),Exploring-Statistics-A-Modern-Introduction-to-Data-Analysis-and-Inference-(with-InfoTrac),True
attachments/Lords-of-the-Deccan-Southern-India-from-the-Chalukyas-to-the-Cholas.jpg|height=120,attachmentsLords-of-the-Deccan-Southern-India-from-the-Chalukyas-to-the-Cholas.jpgheight=120,False
Lords of the Deccan : Southern India from the Chalukyas to the Cholas,Lords-of-the-Deccan-Southern-India-from-the-Chalukyas-to-the-Cholas,True
attachments/When-Ideas-Matter-Democracy-and-Corruption-in-India-(South-Asia-in-the-Social-Sciences-Book-16).jpg|height=120,attachmentsWhen-Ideas-Matter-Democracy-and-Corruption-in-India-(South-Asia-in-the-Social-Sciences-Book-16).jpgheight=120,False
When Ideas Matter: Democracy and Corruption in India (South Asia in the Social Sciences Book 16),When-Ideas-Matter-Democracy-and-Corruption-in-India-(South-Asia-in-the-Social-Sciences-Book-16),True
attachments/Bad-Science.jpg|height=120,attachmentsBad-Science.jpgheight=120,False
Bad Science,Bad-Science,True
attachments/How-To-Do-The-Work.jpg|height=120,attachmentsHow-To-Do-The-Work.jpgheight=120,False
How To Do The Work,How-To-Do-The-Work,True
attachments/When-the-Body-Says-No-The-Cost-of-Hidden-Stress.jpg|height=120,attachmentsWhen-the-Body-Says-No-The-Cost-of-Hidden-Stress.jpgheight=120,False
When the Body Says No: The Cost of Hidden Stress,When-the-Body-Says-No-The-Cost-of-Hidden-Stress,True
"attachments/Radical-Equality-Ambedkar,-Gandhi,-and-the-Risk-of-Democracy.jpg|height=120","attachmentsRadical-Equality-Ambedkar,-Gandhi,-and-the-Risk-of-Democracy.jpgheight=120",False
"Radical Equality: Ambedkar, Gandhi, and the Risk of Democracy","Radical-Equality-Ambedkar,-Gandhi,-and-the-Risk-of-Democracy",True
attachments/The-Tailor-of-Panama.jpg|height=120,attachmentsThe-Tailor-of-Panama.jpgheight=120,False
The Tailor of Panama,The-Tailor-of-Panama,True
attachments/A-Perfect-Spy.jpg|height=120,attachmentsA-Perfect-Spy.jpgheight=120,False
A Perfect Spy,A-Perfect-Spy,True
attachments/RSS-The-Long-and-the-Short-of-It.jpg|height=120,attachmentsRSS-The-Long-and-the-Short-of-It.jpgheight=120,False
RSS: The Long and the Short of It,RSS-The-Long-and-the-Short-of-It,True
attachments/Thomas-Paine's-Rights-of-Man-(Books-That-Changed-the-World).jpg|height=120,attachmentsThomas-Paine's-Rights-of-Man-(Books-That-Changed-the-World).jpgheight=120,False
Thomas Paine's Rights of Man (Books That Changed the World),Thomas-Paine's-Rights-of-Man-(Books-That-Changed-the-World),True
attachments/Owning-Your-Own-Shadow-Understanding-the-Dark-Side-of-the-Psyche.jpg|height=120,attachmentsOwning-Your-Own-Shadow-Understanding-the-Dark-Side-of-the-Psyche.jpgheight=120,False
Owning Your Own Shadow: Understanding the Dark Side of the Psyche,Owning-Your-Own-Shadow-Understanding-the-Dark-Side-of-the-Psyche,True
attachments/The-People-of-the-Indus.jpg|height=120,attachmentsThe-People-of-the-Indus.jpgheight=120,False
The People of the Indus,The-People-of-the-Indus,True
attachments/RSS.jpg|height=120,attachmentsRSS.jpgheight=120,False
RSS,RSS,True
attachments/The-Anarchist-Cookbook.jpg|height=120,attachmentsThe-Anarchist-Cookbook.jpgheight=120,False
The Anarchist Cookbook,The-Anarchist-Cookbook,True
attachments/At-the-Feet-of-Living-Things.jpg|height=120,attachmentsAt-the-Feet-of-Living-Things.jpgheight=120,False
At the Feet of Living Things,At-the-Feet-of-Living-Things,True
attachments/Charlotte's-Web.jpg|height=120,attachmentsCharlotte's-Web.jpgheight=120,False
Charlotte's Web,Charlotte's-Web,True
attachments/Indian-Summer-The-Secret-History-of-the-End-of-an-Empire.jpg|height=120,attachmentsIndian-Summer-The-Secret-History-of-the-End-of-an-Empire.jpgheight=120,False
Indian Summer: The Secret History of the End of an Empire,Indian-Summer-The-Secret-History-of-the-End-of-an-Empire,True
"attachments/M.S.-Golwalkar,-the-RSS-and-India.jpg|height=120","attachmentsM.S.-Golwalkar,-the-RSS-and-India.jpgheight=120",False
"M.S. Golwalkar, the RSS and India","M.S.-Golwalkar,-the-RSS-and-India",True
attachments/The-Truth-Pill-The-Myth-of-Drug-Regulation-in-India.jpg|height=120,attachmentsThe-Truth-Pill-The-Myth-of-Drug-Regulation-in-India.jpgheight=120,False
The Truth Pill: The Myth of Drug Regulation in India,The-Truth-Pill-The-Myth-of-Drug-Regulation-in-India,True
"attachments/Mapping-Social-Exclusion-in-India-Caste,-Religion-and-Borderlands.jpg|height=120","attachmentsMapping-Social-Exclusion-in-India-Caste,-Religion-and-Borderlands.jpgheight=120",False
"Mapping Social Exclusion in India: Caste, Religion and Borderlands","Mapping-Social-Exclusion-in-India-Caste,-Religion-and-Borderlands",True
attachments/How-Fascism-Works-The-Politics-of-Us-and-Them.jpg|height=120,attachmentsHow-Fascism-Works-The-Politics-of-Us-and-Them.jpgheight=120,False
How Fascism Works: The Politics of Us and Them,How-Fascism-Works-The-Politics-of-Us-and-Them,True
attachments/Indira-Gandhi-A-Life-in-Nature.jpg|height=120,attachmentsIndira-Gandhi-A-Life-in-Nature.jpgheight=120,False
Indira Gandhi: A Life in Nature,Indira-Gandhi-A-Life-in-Nature,True
attachments/How-China-Sees-India-and-the-World.jpg|height=120,attachmentsHow-China-Sees-India-and-the-World.jpgheight=120,False
How China Sees India and the World,How-China-Sees-India-and-the-World,True
attachments/Green-Humour-for-a-Greying-Planet-(Amazingly-evocative-cartoons-on-environment-and-ecology-by-renowned-cartoonist-Rohan-Chakravarty).jpg|height=120,attachmentsGreen-Humour-for-a-Greying-Planet-(Amazingly-evocative-cartoons-on-environment-and-ecology-by-renowned-cartoonist-Rohan-Chakravarty).jpgheight=120,False
Green Humour for a Greying Planet (Amazingly evocative cartoons on environment and ecology by renowned cartoonist Rohan Chakravarty),Green-Humour-for-a-Greying-Planet-(Amazingly-evocative-cartoons-on-environment-and-ecology-by-renowned-cartoonist-Rohan-Chakravarty),True
attachments/A-History-of-the-Personal-Computer-The-People-and-the-Technology.jpg|height=120,attachmentsA-History-of-the-Personal-Computer-The-People-and-the-Technology.jpgheight=120,False
A History of the Personal Computer: The People and the Technology,A-History-of-the-Personal-Computer-The-People-and-the-Technology,True
attachments/The-Wild-Heart-of-India.jpg|height=120,attachmentsThe-Wild-Heart-of-India.jpgheight=120,False
The Wild Heart of India,The-Wild-Heart-of-India,True
attachments/Orientalism.jpg|height=120,attachmentsOrientalism.jpgheight=120,False
Orientalism,Orientalism,True
attachments/Periyar-A-Study-in-Political-Atheism.jpg|height=120,attachmentsPeriyar-A-Study-in-Political-Atheism.jpgheight=120,False
Periyar: A Study in Political Atheism,Periyar-A-Study-in-Political-Atheism,True
"attachments/This-Seat-is-Reserved-Caste,-Quotas-and-the-Constitution-of-India.jpg|height=120","attachmentsThis-Seat-is-Reserved-Caste,-Quotas-and-the-Constitution-of-India.jpgheight=120",False
"This Seat is Reserved: Caste, Quotas and the Constitution of India","This-Seat-is-Reserved-Caste,-Quotas-and-the-Constitution-of-India",True
"attachments/The-Rise-and-Reign-of-the-Mammals-A-New-History,-from-the-Shadow-of-the-Dinosaurs-to-Us.jpg|height=120","attachmentsThe-Rise-and-Reign-of-the-Mammals-A-New-History,-from-the-Shadow-of-the-Dinosaurs-to-Us.jpgheight=120",False
"The Rise and Reign of the Mammals: A New History, from the Shadow of the Dinosaurs to Us","The-Rise-and-Reign-of-the-Mammals-A-New-History,-from-the-Shadow-of-the-Dinosaurs-to-Us",True
attachments/Common-Knowledge-An-Ethnography-of-Wikipedia.jpg|height=120,attachmentsCommon-Knowledge-An-Ethnography-of-Wikipedia.jpgheight=120,False
Common Knowledge?: An Ethnography of Wikipedia,Common-Knowledge-An-Ethnography-of-Wikipedia,True
attachments/Men-Explain-Things-to-Me.jpg|height=120,attachmentsMen-Explain-Things-to-Me.jpgheight=120,False
Men Explain Things to Me,Men-Explain-Things-to-Me,True
attachments/Spike-The-Virus-vs.-The-People---the-Inside-Story.jpg|height=120,attachmentsSpike-The-Virus-vs.-The-People---the-Inside-Story.jpgheight=120,False
Spike: The Virus vs. The People - the Inside Story,Spike-The-Virus-vs.-The-People---the-Inside-Story,True
"attachments/The-Empire-of-Nature-Hunting,-Conservation-and-British-Imperialism.jpg|height=120","attachmentsThe-Empire-of-Nature-Hunting,-Conservation-and-British-Imperialism.jpgheight=120",False
"The Empire of Nature: Hunting, Conservation and British Imperialism","The-Empire-of-Nature-Hunting,-Conservation-and-British-Imperialism",True
attachments/Books-v.-Cigarettes.jpg|height=120,attachmentsBooks-v.-Cigarettes.jpgheight=120,False
Books v. Cigarettes,Books-v.-Cigarettes,True
attachments/The-Species-That-Changed-Itself-How-Prosperity-Reshaped-Humanity.jpg|height=120,attachmentsThe-Species-That-Changed-Itself-How-Prosperity-Reshaped-Humanity.jpgheight=120,False
The Species That Changed Itself: How Prosperity Reshaped Humanity,The-Species-That-Changed-Itself-How-Prosperity-Reshaped-Humanity,True
attachments/A-Southern-Music-The-Karnatik-Story.jpg|height=120,attachmentsA-Southern-Music-The-Karnatik-Story.jpgheight=120,False
A Southern Music: The Karnatik Story,A-Southern-Music-The-Karnatik-Story,True
attachments/LEADERSHIP-LESSONS-FOR-DAILY-LIVING.jpg|height=120,attachmentsLEADERSHIP-LESSONS-FOR-DAILY-LIVING.jpgheight=120,False
LEADERSHIP LESSONS FOR DAILY LIVING,LEADERSHIP-LESSONS-FOR-DAILY-LIVING,True
attachments/Introduction-to-the-Constitution-of-India.jpg|height=120,attachmentsIntroduction-to-the-Constitution-of-India.jpgheight=120,False
Introduction to the Constitution of India,Introduction-to-the-Constitution-of-India,True
attachments/Data-Visualization-A-Practical-Introduction.jpg|height=120,attachmentsData-Visualization-A-Practical-Introduction.jpgheight=120,False
Data Visualization: A Practical Introduction,Data-Visualization-A-Practical-Introduction,True
attachments/Constitution-of-India.jpg|height=120,attachmentsConstitution-of-India.jpgheight=120,False
Constitution of India,Constitution-of-India,True
"attachments/Philosophy-of-Science-Volume-1,-From-Problem-to-Theory-(History-of-Ideas-Series).jpg|height=120","attachmentsPhilosophy-of-Science-Volume-1,-From-Problem-to-Theory-(History-of-Ideas-Series).jpgheight=120",False
"Philosophy of Science: Volume 1, From Problem to Theory (History of Ideas Series)","Philosophy-of-Science-Volume-1,-From-Problem-to-Theory-(History-of-Ideas-Series)",True
"attachments/No-Laughing-Matter-The-Ambedkar-Cartoons,-1932–1956.jpg|height=120","attachmentsNo-Laughing-Matter-The-Ambedkar-Cartoons,-1932–1956.jpgheight=120",False
"No Laughing Matter: The Ambedkar Cartoons, 1932–1956","No-Laughing-Matter-The-Ambedkar-Cartoons,-1932–1956",True
attachments/Textbook-of-Global-Health.jpg|height=120,attachmentsTextbook-of-Global-Health.jpgheight=120,False
Textbook of Global Health,Textbook-of-Global-Health,True
attachments/Nationalism.jpg|height=120,attachmentsNationalism.jpgheight=120,False
Nationalism,Nationalism,True
attachments/How-to-Read-Amartya-Sen.jpg|height=120,attachmentsHow-to-Read-Amartya-Sen.jpgheight=120,False
How to Read Amartya Sen,How-to-Read-Amartya-Sen,True
attachments/Bumping-Buffalo-(African-Animal-Tales).jpg|height=120,attachmentsBumping-Buffalo-(African-Animal-Tales).jpgheight=120,False
Bumping Buffalo (African Animal Tales),Bumping-Buffalo-(African-Animal-Tales),True
attachments/Handsome-Hog-(African-Animal-Tales).jpg|height=120,attachmentsHandsome-Hog-(African-Animal-Tales).jpgheight=120,False
Handsome Hog (African Animal Tales),Handsome-Hog-(African-Animal-Tales),True
attachments/Masala-Lab-The-Science-of-Indian-Cooking.jpg|height=120,attachmentsMasala-Lab-The-Science-of-Indian-Cooking.jpgheight=120,False
Masala Lab : The Science of Indian Cooking,Masala-Lab-The-Science-of-Indian-Cooking,True
attachments/Autobiography-Of-An-Unknown-Indian.jpg|height=120,attachmentsAutobiography-Of-An-Unknown-Indian.jpgheight=120,False
Autobiography Of An Unknown Indian,Autobiography-Of-An-Unknown-Indian,True
attachments/Caste-The-Origins-of-Our-Discontents.jpg|height=120,attachmentsCaste-The-Origins-of-Our-Discontents.jpgheight=120,False
Caste: The Origins of Our Discontents,Caste-The-Origins-of-Our-Discontents,True
attachments/How-Much-Land-Does-a-Man-Need-and-Other-Stories.jpg|height=120,attachmentsHow-Much-Land-Does-a-Man-Need-and-Other-Stories.jpgheight=120,False
How Much Land Does a Man Need? and Other Stories,How-Much-Land-Does-a-Man-Need-and-Other-Stories,True
attachments/Our-Hindu-Rashtra-What-It-Is.-How-We-Got-Here.jpg|height=120,attachmentsOur-Hindu-Rashtra-What-It-Is.-How-We-Got-Here.jpgheight=120,False
Our Hindu Rashtra: What It Is. How We Got Here,Our-Hindu-Rashtra-What-It-Is.-How-We-Got-Here,True
attachments/Modi's-India-Hindu-Nationalism-and-the-Rise-of-Ethnic-Democracy.jpg|height=120,attachmentsModi's-India-Hindu-Nationalism-and-the-Rise-of-Ethnic-Democracy.jpgheight=120,False
Modi's India: Hindu Nationalism and the Rise of Ethnic Democracy,Modi's-India-Hindu-Nationalism-and-the-Rise-of-Ethnic-Democracy,True
attachments/Healers-or-Predators-Healthcare-Corruption-in-India.jpg|height=120,attachmentsHealers-or-Predators-Healthcare-Corruption-in-India.jpgheight=120,False
Healers or Predators?: Healthcare Corruption in India,Healers-or-Predators-Healthcare-Corruption-in-India,True
attachments/The-Social-History-Of-Health-And-Medicine-In-Colonial-India.jpg|height=120,attachmentsThe-Social-History-Of-Health-And-Medicine-In-Colonial-India.jpgheight=120,False
The Social History Of Health And Medicine In Colonial India,The-Social-History-Of-Health-And-Medicine-In-Colonial-India,True
attachments/Age-Of-Pandemics-(1817-1920)-How-they-shaped-India-and-the-World.jpg|height=120,attachmentsAge-Of-Pandemics-(1817-1920)-How-they-shaped-India-and-the-World.jpgheight=120,False
Age Of Pandemics (1817-1920): How they shaped India and the World,Age-Of-Pandemics-(1817-1920)-How-they-shaped-India-and-the-World,True
attachments/Discovering-Bengaluru.jpg|height=120,attachmentsDiscovering-Bengaluru.jpgheight=120,False
Discovering Bengaluru,Discovering-Bengaluru,True
attachments/Invisible-Empire-The-Natural-History-of-Viruses.jpg|height=120,attachmentsInvisible-Empire-The-Natural-History-of-Viruses.jpgheight=120,False
Invisible Empire: The Natural History of Viruses,Invisible-Empire-The-Natural-History-of-Viruses,True
attachments/Children-of-Dune-(Dune-#3).jpg|height=120,attachmentsChildren-of-Dune-(Dune-#3).jpgheight=120,False
Children of Dune (Dune #3),Children-of-Dune-(Dune-#3),True
attachments/Viral-The-Search-For-the-Origin-Of-COVID-19.jpg|height=120,attachmentsViral-The-Search-For-the-Origin-Of-COVID-19.jpgheight=120,False
Viral: The Search For the Origin Of COVID-19,Viral-The-Search-For-the-Origin-Of-COVID-19,True
"attachments/The-Looking-Glass-War-(George-Smiley,-#4).jpg|height=120","attachmentsThe-Looking-Glass-War-(George-Smiley,-#4).jpgheight=120",False
"The Looking Glass War (George Smiley, #4)","The-Looking-Glass-War-(George-Smiley,-#4)",True
"attachments/The-Spy-Who-Came-In-from-the-Cold-(George-Smiley,-#3).jpg|height=120","attachmentsThe-Spy-Who-Came-In-from-the-Cold-(George-Smiley,-#3).jpgheight=120",False
"The Spy Who Came In from the Cold (George Smiley, #3)","The-Spy-Who-Came-In-from-the-Cold-(George-Smiley,-#3)",True
attachments/The-Man-Who-Planted-Trees.jpg|height=120,attachmentsThe-Man-Who-Planted-Trees.jpgheight=120,False
The Man Who Planted Trees,The-Man-Who-Planted-Trees,True
attachments/The-Second-Mountain.jpg|height=120,attachmentsThe-Second-Mountain.jpgheight=120,False
The Second Mountain,The-Second-Mountain,True
attachments/The-Trials-of-Spinoza.jpg|height=120,attachmentsThe-Trials-of-Spinoza.jpgheight=120,False
The Trials of Spinoza,The-Trials-of-Spinoza,True
"attachments/A-Murder-of-Quality-(George-Smiley,-#2).jpg|height=120","attachmentsA-Murder-of-Quality-(George-Smiley,-#2).jpgheight=120",False
"A Murder of Quality (George Smiley, #2)","A-Murder-of-Quality-(George-Smiley,-#2)",True
attachments/Isha-Upanishad.jpg|height=120,attachmentsIsha-Upanishad.jpgheight=120,False
Isha Upanishad,Isha-Upanishad,True
attachments/Our-Non-Veg-Cow.jpg|height=120,attachmentsOur-Non-Veg-Cow.jpgheight=120,False
Our Non-Veg Cow,Our-Non-Veg-Cow,True
"attachments/Call-for-the-Dead-(George-Smiley,-#1).jpg|height=120","attachmentsCall-for-the-Dead-(George-Smiley,-#1).jpgheight=120",False
"Call for the Dead (George Smiley, #1)","Call-for-the-Dead-(George-Smiley,-#1)",True
attachments/The-Field-Guide-to-Dumb-Birds-of-North-America.jpg|height=120,attachmentsThe-Field-Guide-to-Dumb-Birds-of-North-America.jpgheight=120,False
The Field Guide to Dumb Birds of North America,The-Field-Guide-to-Dumb-Birds-of-North-America,True
attachments/Dune-Messiah-(Dune-Chronicles-#2).jpg|height=120,attachmentsDune-Messiah-(Dune-Chronicles-#2).jpgheight=120,False
Dune Messiah (Dune Chronicles #2),Dune-Messiah-(Dune-Chronicles-#2),True
"attachments/Foundation,-Foundation-and-Empire,-Second-Foundation-(Everyman's-Library).jpg|height=120","attachmentsFoundation,-Foundation-and-Empire,-Second-Foundation-(Everyman's-Library).jpgheight=120",False
"Foundation, Foundation and Empire, Second Foundation (Everyman's Library)","Foundation,-Foundation-and-Empire,-Second-Foundation-(Everyman's-Library)",True
attachments/Wuthering-Heights.jpg|height=120,attachmentsWuthering-Heights.jpgheight=120,False
Wuthering Heights,Wuthering-Heights,True
"attachments/Second-Foundation-(Foundation,-#3).jpg|height=120","attachmentsSecond-Foundation-(Foundation,-#3).jpgheight=120",False
"Second Foundation (Foundation, #3)","Second-Foundation-(Foundation,-#3)",True
"attachments/Foundation-and-Empire-(Foundation,-#2).jpg|height=120","attachmentsFoundation-and-Empire-(Foundation,-#2).jpgheight=120",False
"Foundation and Empire (Foundation, #2)","Foundation-and-Empire-(Foundation,-#2)",True
attachments/Foundation.jpg|height=120,attachmentsFoundation.jpgheight=120,False
Foundation,Foundation,True
attachments/The-Ones-Who-Walk-Away-from-Omelas.jpg|height=120,attachmentsThe-Ones-Who-Walk-Away-from-Omelas.jpgheight=120,False
The Ones Who Walk Away from Omelas,The-Ones-Who-Walk-Away-from-Omelas,True
"attachments/Dune-(Dune,-#1).jpg|height=120","attachmentsDune-(Dune,-#1).jpgheight=120",False
"Dune (Dune, #1)","Dune-(Dune,-#1)",True
attachments/Bird-Therapy.jpg|height=120,attachmentsBird-Therapy.jpgheight=120,False
Bird Therapy,Bird-Therapy,True
"attachments/Tinker,-Tailor,-Soldier,-Spy-(George-Smiley,-#5;-Karla-Trilogy,-#1).jpg|height=120","attachmentsTinker,-Tailor,-Soldier,-Spy-(George-Smiley,-#5;-Karla-Trilogy,-#1).jpgheight=120",False
"Tinker, Tailor, Soldier, Spy (George Smiley, #5; Karla Trilogy, #1)","Tinker,-Tailor,-Soldier,-Spy-(George-Smiley,-#5;-Karla-Trilogy,-#1)",True
attachments/Sherlock-Holmes.jpg|height=120,attachmentsSherlock-Holmes.jpgheight=120,False
Sherlock Holmes,Sherlock-Holmes,True
attachments/Dinakkondu-Kathe(Shravana-Samputa).jpg|height=120,attachmentsDinakkondu-Kathe(Shravana-Samputa).jpgheight=120,False
Dinakkondu Kathe(Shravana Samputa),Dinakkondu-Kathe(Shravana-Samputa),True
"attachments/The-Real-James-Bond-A-True-Story-of-Identity-Theft,-Avian-Intrigue,-and-Ian-Fleming.jpg|height=120","attachmentsThe-Real-James-Bond-A-True-Story-of-Identity-Theft,-Avian-Intrigue,-and-Ian-Fleming.jpgheight=120",False
"The Real James Bond: A True Story of Identity Theft, Avian Intrigue, and Ian Fleming","The-Real-James-Bond-A-True-Story-of-Identity-Theft,-Avian-Intrigue,-and-Ian-Fleming",True
attachments/Ambedkar's-Preamble.jpg|height=120,attachmentsAmbedkar's-Preamble.jpgheight=120,False
Ambedkar's Preamble,Ambedkar's-Preamble,True
attachments/Representations-Of-The-Intellectual.jpg|height=120,attachmentsRepresentations-Of-The-Intellectual.jpgheight=120,False
Representations Of The Intellectual,Representations-Of-The-Intellectual,True
attachments/Dinakkondu-Kathe(Pushya-Samputa).jpg|height=120,attachmentsDinakkondu-Kathe(Pushya-Samputa).jpgheight=120,False
Dinakkondu Kathe(Pushya Samputa),Dinakkondu-Kathe(Pushya-Samputa),True
attachments/Good-Night-Stories-for-Rebel-Girls-100-Tales-of-Extraordinary-Women.jpg|height=120,attachmentsGood-Night-Stories-for-Rebel-Girls-100-Tales-of-Extraordinary-Women.jpgheight=120,False
Good Night Stories for Rebel Girls: 100 Tales of Extraordinary Women,Good-Night-Stories-for-Rebel-Girls-100-Tales-of-Extraordinary-Women,True
attachments/A-Stake-in-the-Nation-Selected-Speeches.jpg|height=120,attachmentsA-Stake-in-the-Nation-Selected-Speeches.jpgheight=120,False
A Stake in the Nation: Selected Speeches,A-Stake-in-the-Nation-Selected-Speeches,True
attachments/Liberals-and-Cannibals-The-Implications-of-Diversity.jpg|height=120,attachmentsLiberals-and-Cannibals-The-Implications-of-Diversity.jpgheight=120,False
Liberals and Cannibals: The Implications of Diversity,Liberals-and-Cannibals-The-Implications-of-Diversity,True
attachments/The-Lost-Species-Great-Expeditions-in-the-Collections-of-Natural-History-Museums.jpg|height=120,attachmentsThe-Lost-Species-Great-Expeditions-in-the-Collections-of-Natural-History-Museums.jpgheight=120,False
The Lost Species: Great Expeditions in the Collections of Natural History Museums,The-Lost-Species-Great-Expeditions-in-the-Collections-of-Natural-History-Museums,True
attachments/Indian-Nationalism-The-Essential-Writings.jpg|height=120,attachmentsIndian-Nationalism-The-Essential-Writings.jpgheight=120,False
Indian Nationalism: The Essential Writings,Indian-Nationalism-The-Essential-Writings,True
attachments/Ten-Little-Housemates.jpg|height=120,attachmentsTen-Little-Housemates.jpgheight=120,False
Ten Little Housemates,Ten-Little-Housemates,True
attachments/The-Forest-Beneath-the-Mountains.jpg|height=120,attachmentsThe-Forest-Beneath-the-Mountains.jpgheight=120,False
The Forest Beneath the Mountains,The-Forest-Beneath-the-Mountains,True
"attachments/The-Count-of-Monte-Cristo,-V1-(The-Count-of-Monte-Cristo,-part-1-of-2).jpg|height=120","attachmentsThe-Count-of-Monte-Cristo,-V1-(The-Count-of-Monte-Cristo,-part-1-of-2).jpgheight=120",False
"The Count of Monte Cristo, V1 (The Count of Monte Cristo, part 1 of 2)","The-Count-of-Monte-Cristo,-V1-(The-Count-of-Monte-Cristo,-part-1-of-2)",True
"attachments/Conversations-with-RBG-Ruth-Bader-Ginsburg-on-Life,-Love,-Liberty,-and-Law.jpg|height=120","attachmentsConversations-with-RBG-Ruth-Bader-Ginsburg-on-Life,-Love,-Liberty,-and-Law.jpgheight=120",False
"Conversations with RBG: Ruth Bader Ginsburg on Life, Love, Liberty, and Law","Conversations-with-RBG-Ruth-Bader-Ginsburg-on-Life,-Love,-Liberty,-and-Law",True
attachments/Ikigai-The-Japanese-Secret-to-a-Long-and-Happy-Life.jpg|height=120,attachmentsIkigai-The-Japanese-Secret-to-a-Long-and-Happy-Life.jpgheight=120,False
Ikigai: The Japanese Secret to a Long and Happy Life,Ikigai-The-Japanese-Secret-to-a-Long-and-Happy-Life,True
attachments/Bland-Fanatics.jpg|height=120,attachmentsBland-Fanatics.jpgheight=120,False
Bland Fanatics,Bland-Fanatics,True
ವಂಶವೃಕ್ಷ [Vamshavriksha,ವಂಶವೃಕ್ಷ-[Vamshavriksha,False
attachments/Dinakkondu-Kathe(Jyeshta-Samputa).jpg|height=120,attachmentsDinakkondu-Kathe(Jyeshta-Samputa).jpgheight=120,False
Dinakkondu Kathe(Jyeshta Samputa),Dinakkondu-Kathe(Jyeshta-Samputa),True
attachments/Binocular-Vision-The-Politics-of-Representation-in-Birdwatching-Field-Guides.jpg|height=120,attachmentsBinocular-Vision-The-Politics-of-Representation-in-Birdwatching-Field-Guides.jpgheight=120,False
Binocular Vision: The Politics of Representation in Birdwatching Field Guides,Binocular-Vision-The-Politics-of-Representation-in-Birdwatching-Field-Guides,True
attachments/Dinakkondu-Kathe(Vaishaka-Samputa).jpg|height=120,attachmentsDinakkondu-Kathe(Vaishaka-Samputa).jpgheight=120,False
Dinakkondu Kathe(Vaishaka Samputa),Dinakkondu-Kathe(Vaishaka-Samputa),True
attachments/Woodsmoke-and-Leafcups-Autobiographical-Footnotes-to-the-Anthropology-of-the-Durwa-People.jpg|height=120,attachmentsWoodsmoke-and-Leafcups-Autobiographical-Footnotes-to-the-Anthropology-of-the-Durwa-People.jpgheight=120,False
Woodsmoke and Leafcups: Autobiographical Footnotes to the Anthropology of the Durwa People,Woodsmoke-and-Leafcups-Autobiographical-Footnotes-to-the-Anthropology-of-the-Durwa-People,True
attachments/The-Overstory.jpg|height=120,attachmentsThe-Overstory.jpgheight=120,False
The Overstory,The-Overstory,True
attachments/The-Tyranny-of-Merit-What's-Become-of-the-Common-Good.jpg|height=120,attachmentsThe-Tyranny-of-Merit-What's-Become-of-the-Common-Good.jpgheight=120,False
The Tyranny of Merit: What's Become of the Common Good?,The-Tyranny-of-Merit-What's-Become-of-the-Common-Good,True
attachments/A-God-in-Exile-The-Fourteenth-Dalai-Lama.jpg|height=120,attachmentsA-God-in-Exile-The-Fourteenth-Dalai-Lama.jpgheight=120,False
A God in Exile: The Fourteenth Dalai Lama,A-God-in-Exile-The-Fourteenth-Dalai-Lama,True
attachments/The-Heart-of-a-Woman.jpg|height=120,attachmentsThe-Heart-of-a-Woman.jpgheight=120,False
The Heart of a Woman,The-Heart-of-a-Woman,True
"attachments/I-Know-Why-the-Caged-Bird-Sings-(Maya-Angelou's-Autobiography,-#1).jpg|height=120","attachmentsI-Know-Why-the-Caged-Bird-Sings-(Maya-Angelou's-Autobiography,-#1).jpgheight=120",False
"I Know Why the Caged Bird Sings (Maya Angelou's Autobiography, #1)","I-Know-Why-the-Caged-Bird-Sings-(Maya-Angelou's-Autobiography,-#1)",True
attachments/The-Guest-List.jpg|height=120,attachmentsThe-Guest-List.jpgheight=120,False
The Guest List,The-Guest-List,True
attachments/Why-I-Write.jpg|height=120,attachmentsWhy-I-Write.jpgheight=120,False
Why I Write,Why-I-Write,True
attachments/White-As-Milk-and-Rice-Stories-of-India’s-Isolated-Tribes.jpg|height=120,attachmentsWhite-As-Milk-and-Rice-Stories-of-India’s-Isolated-Tribes.jpgheight=120,False
White As Milk and Rice: Stories of India’s Isolated Tribes,White-As-Milk-and-Rice-Stories-of-India’s-Isolated-Tribes,True
attachments/The-Complete-Persepolis.jpg|height=120,attachmentsThe-Complete-Persepolis.jpgheight=120,False
The Complete Persepolis,The-Complete-Persepolis,True
attachments/Factfulness-Ten-Reasons-We're-Wrong-About-the-World-–-and-Why-Things-Are-Better-Than-You-Think.jpg|height=120,attachmentsFactfulness-Ten-Reasons-We're-Wrong-About-the-World-–-and-Why-Things-Are-Better-Than-You-Think.jpgheight=120,False
Factfulness: Ten Reasons We're Wrong About the World – and Why Things Are Better Than You Think,Factfulness-Ten-Reasons-We're-Wrong-About-the-World-–-and-Why-Things-Are-Better-Than-You-Think,True
"attachments/A-Suitable-Boy-(A-Suitable-Boy,-#1).jpg|height=120","attachmentsA-Suitable-Boy-(A-Suitable-Boy,-#1).jpgheight=120",False
"A Suitable Boy (A Suitable Boy, #1)","A-Suitable-Boy-(A-Suitable-Boy,-#1)",True
attachments/A-Short-Philosophy-of-Birds.jpg|height=120,attachmentsA-Short-Philosophy-of-Birds.jpgheight=120,False
A Short Philosophy of Birds,A-Short-Philosophy-of-Birds,True
"attachments/The-Boy,-the-Mole,-the-Fox-and-the-Horse.jpg|height=120","attachmentsThe-Boy,-the-Mole,-the-Fox-and-the-Horse.jpgheight=120",False
"The Boy, the Mole, the Fox and the Horse","The-Boy,-the-Mole,-the-Fox-and-the-Horse",True
attachments/How-to-Be-a-Stoic-Using-Ancient-Philosophy-to-Live-a-Modern-Life.jpg|height=120,attachmentsHow-to-Be-a-Stoic-Using-Ancient-Philosophy-to-Live-a-Modern-Life.jpgheight=120,False
How to Be a Stoic: Using Ancient Philosophy to Live a Modern Life,How-to-Be-a-Stoic-Using-Ancient-Philosophy-to-Live-a-Modern-Life,True
attachments/Twilight-of-Democracy-The-Seductive-Lure-of-Authoritarianism.jpg|height=120,attachmentsTwilight-of-Democracy-The-Seductive-Lure-of-Authoritarianism.jpgheight=120,False
Twilight of Democracy: The Seductive Lure of Authoritarianism,Twilight-of-Democracy-The-Seductive-Lure-of-Authoritarianism,True
attachments/Journalism.jpg|height=120,attachmentsJournalism.jpgheight=120,False
Journalism,Journalism,True
attachments/Dinakkondu-Kathe(Karthika-Samputa).jpg|height=120,attachmentsDinakkondu-Kathe(Karthika-Samputa).jpgheight=120,False
Dinakkondu Kathe(Karthika Samputa),Dinakkondu-Kathe(Karthika-Samputa),True
attachments/Madhavi.jpg|height=120,attachmentsMadhavi.jpgheight=120,False
Madhavi,Madhavi,True
attachments/Dinakkondu-Kathe(Magha-Samputa).jpg|height=120,attachmentsDinakkondu-Kathe(Magha-Samputa).jpgheight=120,False
Dinakkondu Kathe(Magha Samputa),Dinakkondu-Kathe(Magha-Samputa),True
attachments/The-Book-of-Indian-Kings-Stories-&-Essays.jpg|height=120,attachmentsThe-Book-of-Indian-Kings-Stories-&-Essays.jpgheight=120,False
The Book of Indian Kings: Stories & Essays,The-Book-of-Indian-Kings-Stories-&-Essays,True
attachments/The-Secret-Lives-of-Indian-Mammals.jpg|height=120,attachmentsThe-Secret-Lives-of-Indian-Mammals.jpgheight=120,False
The Secret Lives of Indian Mammals,The-Secret-Lives-of-Indian-Mammals,True
attachments/Matilda.jpg|height=120,attachmentsMatilda.jpgheight=120,False
Matilda,Matilda,True
"attachments/The-Professor-and-the-Madman-A-Tale-of-Murder,-Insanity-and-the-Making-of-the-Oxford-English-Dictionary.jpg|height=120","attachmentsThe-Professor-and-the-Madman-A-Tale-of-Murder,-Insanity-and-the-Making-of-the-Oxford-English-Dictionary.jpgheight=120",False
"The Professor and the Madman: A Tale of Murder, Insanity and the Making of the Oxford English Dictionary","The-Professor-and-the-Madman-A-Tale-of-Murder,-Insanity-and-the-Making-of-the-Oxford-English-Dictionary",True
attachments/India's-Struggle-for-Independence.jpg|height=120,attachmentsIndia's-Struggle-for-Independence.jpgheight=120,False
India's Struggle for Independence,India's-Struggle-for-Independence,True
attachments/Land-of-the-Seven-Rivers-A-Brief-History-of-India's-Geography.jpg|height=120,attachmentsLand-of-the-Seven-Rivers-A-Brief-History-of-India's-Geography.jpgheight=120,False
Land of the Seven Rivers: A Brief History of India's Geography,Land-of-the-Seven-Rivers-A-Brief-History-of-India's-Geography,True
attachments/The-Polyester-Prince-The-Rise-of-Dhirubhai-Ambani.jpg|height=120,attachmentsThe-Polyester-Prince-The-Rise-of-Dhirubhai-Ambani.jpgheight=120,False
The Polyester Prince: The Rise of Dhirubhai Ambani,The-Polyester-Prince-The-Rise-of-Dhirubhai-Ambani,True
attachments/How-Much-Land-Does-a-Man-Need.jpg|height=120,attachmentsHow-Much-Land-Does-a-Man-Need.jpgheight=120,False
How Much Land Does a Man Need?,How-Much-Land-Does-a-Man-Need,True
"attachments/Everybody-Lies-Big-Data,-New-Data,-and-What-the-Internet-Can-Tell-Us-About-Who-We-Really-Are.jpg|height=120","attachmentsEverybody-Lies-Big-Data,-New-Data,-and-What-the-Internet-Can-Tell-Us-About-Who-We-Really-Are.jpgheight=120",False
"Everybody Lies: Big Data, New Data, and What the Internet Can Tell Us About Who We Really Are","Everybody-Lies-Big-Data,-New-Data,-and-What-the-Internet-Can-Tell-Us-About-Who-We-Really-Are",True
attachments/Republic-of-Caste-Thinking-Equality-in-the-Time-of-Neoliberal-Hindutva.jpg|height=120,attachmentsRepublic-of-Caste-Thinking-Equality-in-the-Time-of-Neoliberal-Hindutva.jpgheight=120,False
Republic of Caste: Thinking Equality in the Time of Neoliberal Hindutva,Republic-of-Caste-Thinking-Equality-in-the-Time-of-Neoliberal-Hindutva,True
"attachments/The-Doctor-and-The-Saint-The-Ambedkar–Gandhi-Debate-Caste,-Race,-and-Annihilation-of-Caste.jpg|height=120","attachmentsThe-Doctor-and-The-Saint-The-Ambedkar–Gandhi-Debate-Caste,-Race,-and-Annihilation-of-Caste.jpgheight=120",False
"The Doctor and The Saint: The Ambedkar–Gandhi Debate: Caste, Race, and Annihilation of Caste","The-Doctor-and-The-Saint-The-Ambedkar–Gandhi-Debate-Caste,-Race,-and-Annihilation-of-Caste",True
attachments/Kashmir-Rage-And-Reason.jpg|height=120,attachmentsKashmir-Rage-And-Reason.jpgheight=120,False
Kashmir: Rage And Reason,Kashmir-Rage-And-Reason,True
attachments/Caste-Matters.jpg|height=120,attachmentsCaste-Matters.jpgheight=120,False
Caste Matters,Caste-Matters,True
"attachments/The-Origin-of-Feces-What-Excrement-Tells-Us-About-Evolution,-Ecology,-and-a-Sustainable-Society.jpg|height=120","attachmentsThe-Origin-of-Feces-What-Excrement-Tells-Us-About-Evolution,-Ecology,-and-a-Sustainable-Society.jpgheight=120",False
"The Origin of Feces: What Excrement Tells Us About Evolution, Ecology, and a Sustainable Society","The-Origin-of-Feces-What-Excrement-Tells-Us-About-Evolution,-Ecology,-and-a-Sustainable-Society",True
attachments/A-Guide-to-Bird-Watching.jpg|height=120,attachmentsA-Guide-to-Bird-Watching.jpgheight=120,False
A Guide to Bird Watching,A-Guide-to-Bird-Watching,True
attachments/Six-Legged-Science.jpg|height=120,attachmentsSix-Legged-Science.jpgheight=120,False
Six-Legged Science,Six-Legged-Science,True
attachments/Wholeness-and-the-Implicate-Order.jpg|height=120,attachmentsWholeness-and-the-Implicate-Order.jpgheight=120,False
Wholeness and the Implicate Order,Wholeness-and-the-Implicate-Order,True
"attachments/ChiRunning-A-Revolutionary-Approach-to-Effortless,-Injury-Free-Running.jpg|height=120","attachmentsChiRunning-A-Revolutionary-Approach-to-Effortless,-Injury-Free-Running.jpgheight=120",False
"ChiRunning: A Revolutionary Approach to Effortless, Injury-Free Running","ChiRunning-A-Revolutionary-Approach-to-Effortless,-Injury-Free-Running",True
attachments/A-Terrible-Beauty-A-History-of-the-People-and-Ideas-That-Shaped-the-Modern-World.jpg|height=120,attachmentsA-Terrible-Beauty-A-History-of-the-People-and-Ideas-That-Shaped-the-Modern-World.jpgheight=120,False
A Terrible Beauty: A History of the People and Ideas That Shaped the Modern World,A-Terrible-Beauty-A-History-of-the-People-and-Ideas-That-Shaped-the-Modern-World,True
attachments/The-Annihilation-of-Caste.jpg|height=120,attachmentsThe-Annihilation-of-Caste.jpgheight=120,False
The Annihilation of Caste,The-Annihilation-of-Caste,True
attachments/Impeach-The-Case-Against-Donald-Trump.jpg|height=120,attachmentsImpeach-The-Case-Against-Donald-Trump.jpgheight=120,False
Impeach: The Case Against Donald Trump,Impeach-The-Case-Against-Donald-Trump,True
"attachments/Whose-Story-Is-This-Old-Conflicts,-New-Chapters-Essays-at-the-Intersection.jpg|height=120","attachmentsWhose-Story-Is-This-Old-Conflicts,-New-Chapters-Essays-at-the-Intersection.jpgheight=120",False
"Whose Story Is This?: Old Conflicts, New Chapters: Essays at the Intersection","Whose-Story-Is-This-Old-Conflicts,-New-Chapters-Essays-at-the-Intersection",True
attachments/Hope-In-The-Dark.jpg|height=120,attachmentsHope-In-The-Dark.jpgheight=120,False
Hope In The Dark,Hope-In-The-Dark,True
attachments/Letter-to-My-Daughter.jpg|height=120,attachmentsLetter-to-My-Daughter.jpgheight=120,False
Letter to My Daughter,Letter-to-My-Daughter,True
attachments/Am-I-a-Hindu-The-Hinduism-Primer.jpg|height=120,attachmentsAm-I-a-Hindu-The-Hinduism-Primer.jpgheight=120,False
Am I a Hindu? The Hinduism Primer,Am-I-a-Hindu-The-Hinduism-Primer,True
attachments/Darwin's-Dangerous-Idea-Evolution-and-the-Meanings-of-Life.jpg|height=120,attachmentsDarwin's-Dangerous-Idea-Evolution-and-the-Meanings-of-Life.jpgheight=120,False
Darwin's Dangerous Idea: Evolution and the Meanings of Life,Darwin's-Dangerous-Idea-Evolution-and-the-Meanings-of-Life,True
attachments/A-Grown-Up-Guide-to-Dinosaurs.jpg|height=120,attachmentsA-Grown-Up-Guide-to-Dinosaurs.jpgheight=120,False
A Grown-Up Guide to Dinosaurs,A-Grown-Up-Guide-to-Dinosaurs,True
"attachments/Kane-&-Abel-(Kane-&-Abel,-#1).jpg|height=120","attachmentsKane-&-Abel-(Kane-&-Abel,-#1).jpgheight=120",False
"Kane & Abel (Kane & Abel, #1)","Kane-&-Abel-(Kane-&-Abel,-#1)",True
attachments/Malevolent-Republic-A-Short-History-of-the-New-India.jpg|height=120,attachmentsMalevolent-Republic-A-Short-History-of-the-New-India.jpgheight=120,False
Malevolent Republic: A Short History of the New India,Malevolent-Republic-A-Short-History-of-the-New-India,True
attachments/Zen-Pencils-Dream-the-Impossible-Dream---Volume-Two.jpg|height=120,attachmentsZen-Pencils-Dream-the-Impossible-Dream---Volume-Two.jpgheight=120,False
Zen Pencils: Dream the Impossible Dream - Volume Two,Zen-Pencils-Dream-the-Impossible-Dream---Volume-Two,True
attachments/A-Birder’s-Handbook-to-Manipal.jpg|height=120,attachmentsA-Birder’s-Handbook-to-Manipal.jpgheight=120,False
A Birder’s Handbook to Manipal,A-Birder’s-Handbook-to-Manipal,True
attachments/Scarcity-Why-Having-Too-Little-Means-So-Much.jpg|height=120,attachmentsScarcity-Why-Having-Too-Little-Means-So-Much.jpgheight=120,False
Scarcity: Why Having Too Little Means So Much,Scarcity-Why-Having-Too-Little-Means-So-Much,True
attachments/Looking-Away.jpg|height=120,attachmentsLooking-Away.jpgheight=120,False
Looking Away,Looking-Away,True
attachments/The-Oxford-Companion-to-Politics-in-India-Student-Edition.jpg|height=120,attachmentsThe-Oxford-Companion-to-Politics-in-India-Student-Edition.jpgheight=120,False
The Oxford Companion to Politics in India: Student Edition,The-Oxford-Companion-to-Politics-in-India-Student-Edition,True
attachments/The-Caravan-Book-of-Profiles.jpg|height=120,attachmentsThe-Caravan-Book-of-Profiles.jpgheight=120,False
The Caravan Book of Profiles,The-Caravan-Book-of-Profiles,True
attachments/The-Big-Conservation-Lie.jpg|height=120,attachmentsThe-Big-Conservation-Lie.jpgheight=120,False
The Big Conservation Lie,The-Big-Conservation-Lie,True
attachments/Science-in-the-Soul-Selected-Writings-of-a-Passionate-Rationalist.jpg|height=120,attachmentsScience-in-the-Soul-Selected-Writings-of-a-Passionate-Rationalist.jpgheight=120,False
Science in the Soul: Selected Writings of a Passionate Rationalist,Science-in-the-Soul-Selected-Writings-of-a-Passionate-Rationalist,True
attachments/Indica-A-Deep-Natural-History-of-the-Indian-Subcontinent.jpg|height=120,attachmentsIndica-A-Deep-Natural-History-of-the-Indian-Subcontinent.jpgheight=120,False
Indica: A Deep Natural History of the Indian Subcontinent,Indica-A-Deep-Natural-History-of-the-Indian-Subcontinent,True
attachments/Lori's-Magical-Mystery.jpg|height=120,attachmentsLori's-Magical-Mystery.jpgheight=120,False
Lori's Magical Mystery,Lori's-Magical-Mystery,True
attachments/Nature-Chronicles-of-India-Essays-on-Wildlife.jpg|height=120,attachmentsNature-Chronicles-of-India-Essays-on-Wildlife.jpgheight=120,False
Nature Chronicles of India: Essays on Wildlife,Nature-Chronicles-of-India-Essays-on-Wildlife,True
attachments/Conservation-from-the-Margins.jpg|height=120,attachmentsConservation-from-the-Margins.jpgheight=120,False
Conservation from the Margins,Conservation-from-the-Margins,True
attachments/A-Handbook-of-Rural-India.jpg|height=120,attachmentsA-Handbook-of-Rural-India.jpgheight=120,False
A Handbook of Rural India,A-Handbook-of-Rural-India,True
attachments/Women-in-Science-50-Fearless-Pioneers-Who-Changed-the-World.jpg|height=120,attachmentsWomen-in-Science-50-Fearless-Pioneers-Who-Changed-the-World.jpgheight=120,False
Women in Science: 50 Fearless Pioneers Who Changed the World,Women-in-Science-50-Fearless-Pioneers-Who-Changed-the-World,True
attachments/Conflicts-of-Interest-My-Journey-through-India’s-Green-Movement.jpg|height=120,attachmentsConflicts-of-Interest-My-Journey-through-India’s-Green-Movement.jpgheight=120,False
Conflicts of Interest: My Journey through India’s Green Movement,Conflicts-of-Interest-My-Journey-through-India’s-Green-Movement,True
"attachments/The-Courtesan,-the-Mahatma-and-the-Italian-Brahmin-Tales-from-Indian-History.jpg|height=120","attachmentsThe-Courtesan,-the-Mahatma-and-the-Italian-Brahmin-Tales-from-Indian-History.jpgheight=120",False
"The Courtesan, the Mahatma and the Italian Brahmin: Tales from Indian History","The-Courtesan,-the-Mahatma-and-the-Italian-Brahmin-Tales-from-Indian-History",True
attachments/Embroideries.jpg|height=120,attachmentsEmbroideries.jpgheight=120,False
Embroideries,Embroideries,True
attachments/Zen-Pencils-Cartoon-Quotes-from-Inspirational-Folks-(Volume-1).jpg|height=120,attachmentsZen-Pencils-Cartoon-Quotes-from-Inspirational-Folks-(Volume-1).jpgheight=120,False
Zen Pencils: Cartoon Quotes from Inspirational Folks (Volume 1),Zen-Pencils-Cartoon-Quotes-from-Inspirational-Folks-(Volume-1),True
attachments/Figuring.jpg|height=120,attachmentsFiguring.jpgheight=120,False
Figuring,Figuring,True
"attachments/Herding-Cats-(Sarah's-Scribbles,-#3).jpg|height=120","attachmentsHerding-Cats-(Sarah's-Scribbles,-#3).jpgheight=120",False
"Herding Cats (Sarah's Scribbles, #3)","Herding-Cats-(Sarah's-Scribbles,-#3)",True
attachments/Our-Incredible-Cow.jpg|height=120,attachmentsOur-Incredible-Cow.jpgheight=120,False
Our Incredible Cow,Our-Incredible-Cow,True
"attachments/Gender-Your-Guide-A-Gender-Friendly-Primer-on-What-to-Know,-What-to-Say,-and-What-to-Do-in-the-New-Gender-Culture.jpg|height=120","attachmentsGender-Your-Guide-A-Gender-Friendly-Primer-on-What-to-Know,-What-to-Say,-and-What-to-Do-in-the-New-Gender-Culture.jpgheight=120",False
"Gender: Your Guide: A Gender-Friendly Primer on What to Know, What to Say, and What to Do in the New Gender Culture","Gender-Your-Guide-A-Gender-Friendly-Primer-on-What-to-Know,-What-to-Say,-and-What-to-Do-in-the-New-Gender-Culture",True
attachments/An-Area-of-Darkness.jpg|height=120,attachmentsAn-Area-of-Darkness.jpgheight=120,False
An Area of Darkness,An-Area-of-Darkness,True
attachments/Among-the-Believers-An-Islamic-Journey.jpg|height=120,attachmentsAmong-the-Believers-An-Islamic-Journey.jpgheight=120,False
Among the Believers: An Islamic Journey,Among-the-Believers-An-Islamic-Journey,True
attachments/India-A-Wounded-Civilization.jpg|height=120,attachmentsIndia-A-Wounded-Civilization.jpgheight=120,False
India: A Wounded Civilization,India-A-Wounded-Civilization,True
attachments/India-A-Million-Mutunies-Now.jpg|height=120,attachmentsIndia-A-Million-Mutunies-Now.jpgheight=120,False
India: A Million Mutunies Now,India-A-Million-Mutunies-Now,True
attachments/Sapiens-A-Brief-History-of-Humankind.jpg|height=120,attachmentsSapiens-A-Brief-History-of-Humankind.jpgheight=120,False
Sapiens: A Brief History of Humankind,Sapiens-A-Brief-History-of-Humankind,True
attachments/The-Communist-Manifesto.jpg|height=120,attachmentsThe-Communist-Manifesto.jpgheight=120,False
The Communist Manifesto,The-Communist-Manifesto,True
attachments/The-Invention-of-Nature-Alexander-von-Humboldt's-New-World.jpg|height=120,attachmentsThe-Invention-of-Nature-Alexander-von-Humboldt's-New-World.jpgheight=120,False
The Invention of Nature: Alexander von Humboldt's New World,The-Invention-of-Nature-Alexander-von-Humboldt's-New-World,True
attachments/Reading-The-Rocks-The-Autobiography-of-the-Earth.jpg|height=120,attachmentsReading-The-Rocks-The-Autobiography-of-the-Earth.jpgheight=120,False
Reading The Rocks: The Autobiography of the Earth,Reading-The-Rocks-The-Autobiography-of-the-Earth,True
attachments/The-Last-Liberal-And-Other-Essays.jpg|height=120,attachmentsThe-Last-Liberal-And-Other-Essays.jpgheight=120,False
The Last Liberal And Other Essays,The-Last-Liberal-And-Other-Essays,True
"attachments/Savaging-the-Civilized-Verrier-Elwin,-His-Tribals,-and-India.jpg|height=120","attachmentsSavaging-the-Civilized-Verrier-Elwin,-His-Tribals,-and-India.jpgheight=120",False
"Savaging the Civilized: Verrier Elwin, His Tribals, and India","Savaging-the-Civilized-Verrier-Elwin,-His-Tribals,-and-India",True
attachments/Hindu-Nationalism-A-Reader.jpg|height=120,attachmentsHindu-Nationalism-A-Reader.jpgheight=120,False
Hindu Nationalism: A Reader,Hindu-Nationalism-A-Reader,True
attachments/Democrats-and-Dissenters.jpg|height=120,attachmentsDemocrats-and-Dissenters.jpgheight=120,False
Democrats and Dissenters,Democrats-and-Dissenters,True
attachments/Makers-of-Modern-India.jpg|height=120,attachmentsMakers-of-Modern-India.jpgheight=120,False
Makers of Modern India,Makers-of-Modern-India,True
attachments/Groundwork-of-the-Metaphysic-of-Morals-(Translated-by-Thomas-Kingsmill-Abbott).jpg|height=120,attachmentsGroundwork-of-the-Metaphysic-of-Morals-(Translated-by-Thomas-Kingsmill-Abbott).jpgheight=120,False
Groundwork of the Metaphysic of Morals (Translated by Thomas Kingsmill Abbott),Groundwork-of-the-Metaphysic-of-Morals-(Translated-by-Thomas-Kingsmill-Abbott),True
attachments/When-Will-Jesus-Bring-the-Pork-Chops.jpg|height=120,attachmentsWhen-Will-Jesus-Bring-the-Pork-Chops.jpgheight=120,False
When Will Jesus Bring the Pork Chops?,When-Will-Jesus-Bring-the-Pork-Chops,True
"attachments/Stalin-and-the-Scientists-A-History-of-Triumph-and-Tragedy,-1905-1953.jpg|height=120","attachmentsStalin-and-the-Scientists-A-History-of-Triumph-and-Tragedy,-1905-1953.jpgheight=120",False
"Stalin and the Scientists: A History of Triumph and Tragedy, 1905-1953","Stalin-and-the-Scientists-A-History-of-Triumph-and-Tragedy,-1905-1953",True
attachments/Parental-Advisory.jpg|height=120,attachmentsParental-Advisory.jpgheight=120,False
Parental Advisory,Parental-Advisory,True
attachments/Race.jpg|height=120,attachmentsRace.jpgheight=120,False
Race,Race,True
"attachments/River's-Way-The-Process-Science-of-the-Dreambody-Information-and-Channels-in-Dream-and-Bodywork,-Psychology-and-Physics,-Taoism-and-Alchemy.jpg|height=120","attachmentsRiver's-Way-The-Process-Science-of-the-Dreambody-Information-and-Channels-in-Dream-and-Bodywork,-Psychology-and-Physics,-Taoism-and-Alchemy.jpgheight=120",False
"River's Way: The Process Science of the Dreambody: Information and Channels in Dream and Bodywork, Psychology and Physics, Taoism and Alchemy","River's-Way-The-Process-Science-of-the-Dreambody-Information-and-Channels-in-Dream-and-Bodywork,-Psychology-and-Physics,-Taoism-and-Alchemy",True
attachments/Has-the-West-Lost-It-A-Provocation.jpg|height=120,attachmentsHas-the-West-Lost-It-A-Provocation.jpgheight=120,False
Has the West Lost It?: A Provocation,Has-the-West-Lost-It-A-Provocation,True
attachments/Age-of-Anger-A-History-of-the-Present.jpg|height=120,attachmentsAge-of-Anger-A-History-of-the-Present.jpgheight=120,False
Age of Anger: A History of the Present,Age-of-Anger-A-History-of-the-Present,True
"attachments/Questioning-Paradigms,-Constructing-Histories.jpg|height=120","attachmentsQuestioning-Paradigms,-Constructing-Histories.jpgheight=120",False
"Questioning Paradigms, Constructing Histories","Questioning-Paradigms,-Constructing-Histories",True
attachments/Lore-of-Running.jpg|height=120,attachmentsLore-of-Running.jpgheight=120,False
Lore of Running,Lore-of-Running,True
attachments/Capital-in-the-Twenty-First-Century.jpg|height=120,attachmentsCapital-in-the-Twenty-First-Century.jpgheight=120,False
Capital in the Twenty First Century,Capital-in-the-Twenty-First-Century,True
attachments/the-idea-of-justice.jpg|height=120,attachmentsthe-idea-of-justice.jpgheight=120,False
the idea of justice,the-idea-of-justice,True
attachments/Man-and-His-Symbols.jpg|height=120,attachmentsMan-and-His-Symbols.jpgheight=120,False
Man and His Symbols,Man-and-His-Symbols,True
attachments/Running-Injuries-How-to-Prevent-and-Overcome-Them.jpg|height=120,attachmentsRunning-Injuries-How-to-Prevent-and-Overcome-Them.jpgheight=120,False
Running Injuries: How to Prevent and Overcome Them,Running-Injuries-How-to-Prevent-and-Overcome-Them,True
attachments/Emotional-Intelligence-Empathy.jpg|height=120,attachmentsEmotional-Intelligence-Empathy.jpgheight=120,False
Emotional Intelligence: Empathy,Emotional-Intelligence-Empathy,True
attachments/The-Transformative-Constitution-A-Radical-Biography-in-Nine-Acts.jpg|height=120,attachmentsThe-Transformative-Constitution-A-Radical-Biography-in-Nine-Acts.jpgheight=120,False
The Transformative Constitution: A Radical Biography in Nine Acts,The-Transformative-Constitution-A-Radical-Biography-in-Nine-Acts,True
attachments/The-Grand-Design-New-Answers-to-the-Ultimate-Questions-of-Life.jpg|height=120,attachmentsThe-Grand-Design-New-Answers-to-the-Ultimate-Questions-of-Life.jpgheight=120,False
The Grand Design: New Answers to the Ultimate Questions of Life,The-Grand-Design-New-Answers-to-the-Ultimate-Questions-of-Life,True
attachments/The-Aryan-Debate-(Debates-in-Indian-History-and-Society).jpg|height=120,attachmentsThe-Aryan-Debate-(Debates-in-Indian-History-and-Society).jpgheight=120,False
The Aryan Debate (Debates in Indian History and Society),The-Aryan-Debate-(Debates-in-Indian-History-and-Society),True
attachments/Liberty.jpg|height=120,attachmentsLiberty.jpgheight=120,False
Liberty,Liberty,True
attachments/The-Art-of-Logic-How-to-Make-Sense-in-a-World-that-Doesn't.jpg|height=120,attachmentsThe-Art-of-Logic-How-to-Make-Sense-in-a-World-that-Doesn't.jpgheight=120,False
The Art of Logic: How to Make Sense in a World that Doesn't,The-Art-of-Logic-How-to-Make-Sense-in-a-World-that-Doesn't,True
attachments/The-Eye.jpg|height=120,attachmentsThe-Eye.jpgheight=120,False
The Eye,The-Eye,True
attachments/Cancer-Ward.jpg|height=120,attachmentsCancer-Ward.jpgheight=120,False
Cancer Ward,Cancer-Ward,True
attachments/The-Sense-of-Wonder.jpg|height=120,attachmentsThe-Sense-of-Wonder.jpgheight=120,False
The Sense of Wonder,The-Sense-of-Wonder,True
attachments/On-God.jpg|height=120,attachmentsOn-God.jpgheight=120,False
On God,On-God,True
attachments/Utilitarianism.jpg|height=120,attachmentsUtilitarianism.jpgheight=120,False
Utilitarianism,Utilitarianism,True
attachments/Who-We-Are-and-How-We-Got-Here-Ancient-DNA-and-the-New-Science-of-the-Human-Past.jpg|height=120,attachmentsWho-We-Are-and-How-We-Got-Here-Ancient-DNA-and-the-New-Science-of-the-Human-Past.jpgheight=120,False
Who We Are and How We Got Here: Ancient DNA and the New Science of the Human Past,Who-We-Are-and-How-We-Got-Here-Ancient-DNA-and-the-New-Science-of-the-Human-Past,True
attachments/Cities-and-Canopies-Trees-in-Indian-Cities.jpg|height=120,attachmentsCities-and-Canopies-Trees-in-Indian-Cities.jpgheight=120,False
Cities and Canopies: Trees in Indian Cities,Cities-and-Canopies-Trees-in-Indian-Cities,True
attachments/Folktales-from-India.jpg|height=120,attachmentsFolktales-from-India.jpgheight=120,False
Folktales from India,Folktales-from-India,True
attachments/Pillars-of-Life-Magnificent-Trees-of-the-Western-Ghats.jpg|height=120,attachmentsPillars-of-Life-Magnificent-Trees-of-the-Western-Ghats.jpgheight=120,False
Pillars of Life: Magnificent Trees of the Western Ghats,Pillars-of-Life-Magnificent-Trees-of-the-Western-Ghats,True
attachments/The-Temple-Tiger-and-More-Man-eaters-of-Kumaon.jpg|height=120,attachmentsThe-Temple-Tiger-and-More-Man-eaters-of-Kumaon.jpgheight=120,False
The Temple Tiger and More Man-eaters of Kumaon,The-Temple-Tiger-and-More-Man-eaters-of-Kumaon,True
attachments/The-Mueller-Report.jpg|height=120,attachmentsThe-Mueller-Report.jpgheight=120,False
The Mueller Report,The-Mueller-Report,True
attachments/Introducing-Psychology-A-Graphic-Guide.jpg|height=120,attachmentsIntroducing-Psychology-A-Graphic-Guide.jpgheight=120,False
Introducing Psychology: A Graphic Guide,Introducing-Psychology-A-Graphic-Guide,True
attachments/Indian-Atheism.jpg|height=120,attachmentsIndian-Atheism.jpgheight=120,False
Indian Atheism,Indian-Atheism,True
attachments/Republic.jpg|height=120,attachmentsRepublic.jpgheight=120,False
Republic,Republic,True
attachments/Down-and-Out-in-Paris-and-London.jpg|height=120,attachmentsDown-and-Out-in-Paris-and-London.jpgheight=120,False
Down and Out in Paris and London,Down-and-Out-in-Paris-and-London,True
attachments/Genius-The-Life-and-Science-of-Richard-Feynman.jpg|height=120,attachmentsGenius-The-Life-and-Science-of-Richard-Feynman.jpgheight=120,False
Genius: The Life and Science of Richard Feynman,Genius-The-Life-and-Science-of-Richard-Feynman,True
attachments/1491-New-Revelations-of-the-Americas-Before-Columbus.jpg|height=120,attachments1491-New-Revelations-of-the-Americas-Before-Columbus.jpgheight=120,False
1491: New Revelations of the Americas Before Columbus,1491-New-Revelations-of-the-Americas-Before-Columbus,True
"attachments/A-Dance-with-Dragons-(A-Song-of-Ice-and-Fire,-#5).jpg|height=120","attachmentsA-Dance-with-Dragons-(A-Song-of-Ice-and-Fire,-#5).jpgheight=120",False
"A Dance with Dragons (A Song of Ice and Fire, #5)","A-Dance-with-Dragons-(A-Song-of-Ice-and-Fire,-#5)",True
attachments/The-Indian-Constitution.jpg|height=120,attachmentsThe-Indian-Constitution.jpgheight=120,False
The Indian Constitution,The-Indian-Constitution,True
attachments/Biodiversity-An-Introduction.jpg|height=120,attachmentsBiodiversity-An-Introduction.jpgheight=120,False
Biodiversity: An Introduction,Biodiversity-An-Introduction,True
attachments/Black-Holes-The-Reith-Lectures.jpg|height=120,attachmentsBlack-Holes-The-Reith-Lectures.jpgheight=120,False
Black Holes The Reith Lectures,Black-Holes-The-Reith-Lectures,True
attachments/The-Liar.jpg|height=120,attachmentsThe-Liar.jpgheight=120,False
The Liar,The-Liar,True
attachments/Pedagogy-of-Hope-Reliving-Pedagogy-of-the-Oppressed-(Impacts).jpg|height=120,attachmentsPedagogy-of-Hope-Reliving-Pedagogy-of-the-Oppressed-(Impacts).jpgheight=120,False
Pedagogy of Hope: Reliving Pedagogy of the Oppressed (Impacts),Pedagogy-of-Hope-Reliving-Pedagogy-of-the-Oppressed-(Impacts),True
attachments/The-Great-Hedge-of-India-The-Search-for-the-Living-Barrier-that-Divided-a-People.jpg|height=120,attachmentsThe-Great-Hedge-of-India-The-Search-for-the-Living-Barrier-that-Divided-a-People.jpgheight=120,False
The Great Hedge of India: The Search for the Living Barrier that Divided a People,The-Great-Hedge-of-India-The-Search-for-the-Living-Barrier-that-Divided-a-People,True
attachments/Fire-and-Fury-Inside-the-Trump-White-House.jpg|height=120,attachmentsFire-and-Fury-Inside-the-Trump-White-House.jpgheight=120,False
Fire and Fury: Inside the Trump White House,Fire-and-Fury-Inside-the-Trump-White-House,True
attachments/Last-Chance-to-See-In-the-Footsteps-of-Douglas-Adams.jpg|height=120,attachmentsLast-Chance-to-See-In-the-Footsteps-of-Douglas-Adams.jpgheight=120,False
Last Chance to See: In the Footsteps of Douglas Adams,Last-Chance-to-See-In-the-Footsteps-of-Douglas-Adams,True
attachments/A-Brief-History-of-Neoliberalism.jpg|height=120,attachmentsA-Brief-History-of-Neoliberalism.jpgheight=120,False
A Brief History of Neoliberalism,A-Brief-History-of-Neoliberalism,True
attachments/The-Power-of-Now-A-Guide-to-Spiritual-Enlightenment.jpg|height=120,attachmentsThe-Power-of-Now-A-Guide-to-Spiritual-Enlightenment.jpgheight=120,False
The Power of Now: A Guide to Spiritual Enlightenment,The-Power-of-Now-A-Guide-to-Spiritual-Enlightenment,True
"attachments/Discovering-the-Vedas-Origins,-Mantras,-Rituals,-Insights.jpg|height=120","attachmentsDiscovering-the-Vedas-Origins,-Mantras,-Rituals,-Insights.jpgheight=120",False
"Discovering the Vedas: Origins, Mantras, Rituals, Insights","Discovering-the-Vedas-Origins,-Mantras,-Rituals,-Insights",True
attachments/Darwin-and-the-Beagle.jpg|height=120,attachmentsDarwin-and-the-Beagle.jpgheight=120,False
Darwin and the Beagle,Darwin-and-the-Beagle,True
attachments/Primates-and-Philosophers-How-Morality-Evolved-(The-University-Center-for-Human-Values-Series).jpg|height=120,attachmentsPrimates-and-Philosophers-How-Morality-Evolved-(The-University-Center-for-Human-Values-Series).jpgheight=120,False
Primates and Philosophers: How Morality Evolved (The University Center for Human Values Series),Primates-and-Philosophers-How-Morality-Evolved-(The-University-Center-for-Human-Values-Series),True
attachments/Arguably-Selected-Essays.jpg|height=120,attachmentsArguably-Selected-Essays.jpgheight=120,False
Arguably: Selected Essays,Arguably-Selected-Essays,True
attachments/THE-STRANGE-CASE-OF-BILLY-BISWAS-(Library-of-South-Asian-Literature).jpg|height=120,attachmentsTHE-STRANGE-CASE-OF-BILLY-BISWAS-(Library-of-South-Asian-Literature).jpgheight=120,False
THE STRANGE CASE OF BILLY BISWAS (Library of South Asian Literature),THE-STRANGE-CASE-OF-BILLY-BISWAS-(Library-of-South-Asian-Literature),True
attachments/Pedagogy-of-the-Oppressed.jpg|height=120,attachmentsPedagogy-of-the-Oppressed.jpgheight=120,False
Pedagogy of the Oppressed,Pedagogy-of-the-Oppressed,True
attachments/The-Fall-of-a-Sparrow.jpg|height=120,attachmentsThe-Fall-of-a-Sparrow.jpgheight=120,False
The Fall of a Sparrow,The-Fall-of-a-Sparrow,True
attachments/The-Shadow-Lines.jpg|height=120,attachmentsThe-Shadow-Lines.jpgheight=120,False
The Shadow Lines,The-Shadow-Lines,True
"attachments/A-Feast-for-Crows-(A-Song-of-Ice-and-Fire,-#4).jpg|height=120","attachmentsA-Feast-for-Crows-(A-Song-of-Ice-and-Fire,-#4).jpgheight=120",False
"A Feast for Crows (A Song of Ice and Fire, #4)","A-Feast-for-Crows-(A-Song-of-Ice-and-Fire,-#4)",True
"attachments/Surely-You're-Joking,-Mr.-Feynman!.jpg|height=120","attachmentsSurely-You're-Joking,-Mr.-Feynman!.jpgheight=120",False
"Surely You're Joking, Mr. Feynman!","Surely-You're-Joking,-Mr.-Feynman!",True
attachments/How-to-Think-Like-a-Computer-Scientist-Learning-With-Python.jpg|height=120,attachmentsHow-to-Think-Like-a-Computer-Scientist-Learning-With-Python.jpgheight=120,False
How to Think Like a Computer Scientist: Learning With Python,How-to-Think-Like-a-Computer-Scientist-Learning-With-Python,True
attachments/A-Concise-Guide-to-Insects.jpg|height=120,attachmentsA-Concise-Guide-to-Insects.jpgheight=120,False
A Concise Guide to Insects,A-Concise-Guide-to-Insects,True
attachments/The-Emperor-of-All-Maladies.jpg|height=120,attachmentsThe-Emperor-of-All-Maladies.jpgheight=120,False
The Emperor of All Maladies,The-Emperor-of-All-Maladies,True
"attachments/A-Storm-of-Swords-(A-Song-of-Ice-and-Fire,-#3).jpg|height=120","attachmentsA-Storm-of-Swords-(A-Song-of-Ice-and-Fire,-#3).jpgheight=120",False
"A Storm of Swords (A Song of Ice and Fire, #3)","A-Storm-of-Swords-(A-Song-of-Ice-and-Fire,-#3)",True
attachments/How-We-Die-Reflections-of-Life's-Final-Chapter.jpg|height=120,attachmentsHow-We-Die-Reflections-of-Life's-Final-Chapter.jpgheight=120,False
How We Die: Reflections of Life's Final Chapter,How-We-Die-Reflections-of-Life's-Final-Chapter,True
attachments/Ants-Among-Elephants-An-Untouchable-Family-and-the-Making-of-Modern-India.jpg|height=120,attachmentsAnts-Among-Elephants-An-Untouchable-Family-and-the-Making-of-Modern-India.jpgheight=120,False
Ants Among Elephants: An Untouchable Family and the Making of Modern India,Ants-Among-Elephants-An-Untouchable-Family-and-the-Making-of-Modern-India,True
"attachments/King-Leopold's-Ghost-A-Story-of-Greed,-Terror,-and-Heroism-in-Colonial-Africa.jpg|height=120","attachmentsKing-Leopold's-Ghost-A-Story-of-Greed,-Terror,-and-Heroism-in-Colonial-Africa.jpgheight=120",False
"King Leopold's Ghost: A Story of Greed, Terror, and Heroism in Colonial Africa","King-Leopold's-Ghost-A-Story-of-Greed,-Terror,-and-Heroism-in-Colonial-Africa",True
attachments/The-Case-Against-Sugar.jpg|height=120,attachmentsThe-Case-Against-Sugar.jpgheight=120,False
The Case Against Sugar,The-Case-Against-Sugar,True
attachments/Inferior-How-Science-Got-Women-Wrong—and-the-New-Research-That's-Rewriting-the-Story.jpg|height=120,attachmentsInferior-How-Science-Got-Women-Wrong—and-the-New-Research-That's-Rewriting-the-Story.jpgheight=120,False
Inferior: How Science Got Women Wrong—and the New Research That's Rewriting the Story,Inferior-How-Science-Got-Women-Wrong—and-the-New-Research-That's-Rewriting-the-Story,True
attachments/Astrophysics-for-People-in-a-Hurry.jpg|height=120,attachmentsAstrophysics-for-People-in-a-Hurry.jpgheight=120,False
Astrophysics for People in a Hurry,Astrophysics-for-People-in-a-Hurry,True
attachments/On-Tyranny-Twenty-Lessons-from-the-Twentieth-Century.jpg|height=120,attachmentsOn-Tyranny-Twenty-Lessons-from-the-Twentieth-Century.jpgheight=120,False
On Tyranny: Twenty Lessons from the Twentieth Century,On-Tyranny-Twenty-Lessons-from-the-Twentieth-Century,True
"attachments/A-Clash-of-Kings-(A-Song-of-Ice-and-Fire,-#2).jpg|height=120","attachmentsA-Clash-of-Kings-(A-Song-of-Ice-and-Fire,-#2).jpgheight=120",False
"A Clash of Kings  (A Song of Ice and Fire, #2)","A-Clash-of-Kings-(A-Song-of-Ice-and-Fire,-#2)",True
attachments/The-Complete-Saki.jpg|height=120,attachmentsThe-Complete-Saki.jpgheight=120,False
The Complete Saki,The-Complete-Saki,True
"attachments/A-Game-of-Thrones-(A-Song-of-Ice-and-Fire,-#1).jpg|height=120","attachmentsA-Game-of-Thrones-(A-Song-of-Ice-and-Fire,-#1).jpgheight=120",False
"A Game of Thrones (A Song of Ice and Fire, #1)","A-Game-of-Thrones-(A-Song-of-Ice-and-Fire,-#1)",True
attachments/Time-Travel-A-History.jpg|height=120,attachmentsTime-Travel-A-History.jpgheight=120,False
Time Travel: A History,Time-Travel-A-History,True
attachments/In-a-Different-Key-The-Story-of-Autism.jpg|height=120,attachmentsIn-a-Different-Key-The-Story-of-Autism.jpgheight=120,False
In a Different Key: The Story of Autism,In-a-Different-Key-The-Story-of-Autism,True
"attachments/The-Big-Picture-On-the-Origins-of-Life,-Meaning,-and-the-Universe-Itself.jpg|height=120","attachmentsThe-Big-Picture-On-the-Origins-of-Life,-Meaning,-and-the-Universe-Itself.jpgheight=120",False
"The Big Picture: On the Origins of Life, Meaning, and the Universe Itself","The-Big-Picture-On-the-Origins-of-Life,-Meaning,-and-the-Universe-Itself",True
attachments/The-Genius-of-Birds.jpg|height=120,attachmentsThe-Genius-of-Birds.jpgheight=120,False
The Genius of Birds,The-Genius-of-Birds,True
"attachments/Nature-in-the-City-Bengaluru-in-the-Past,-Present,-and-Future.jpg|height=120","attachmentsNature-in-the-City-Bengaluru-in-the-Past,-Present,-and-Future.jpgheight=120",False
"Nature in the City: Bengaluru in the Past, Present, and Future","Nature-in-the-City-Bengaluru-in-the-Past,-Present,-and-Future",True
"attachments/The-Girl-With-the-Dragon-Tattoo-(Millennium,-#1).jpg|height=120","attachmentsThe-Girl-With-the-Dragon-Tattoo-(Millennium,-#1).jpgheight=120",False
"The Girl With the Dragon Tattoo (Millennium, #1)","The-Girl-With-the-Dragon-Tattoo-(Millennium,-#1)",True
attachments/Pride-and-Prejudice.jpg|height=120,attachmentsPride-and-Prejudice.jpgheight=120,False
Pride and Prejudice,Pride-and-Prejudice,True
attachments/The-Panda's-Thumb-More-Reflections-in-Natural-History.jpg|height=120,attachmentsThe-Panda's-Thumb-More-Reflections-in-Natural-History.jpgheight=120,False
The Panda's Thumb: More Reflections in Natural History,The-Panda's-Thumb-More-Reflections-in-Natural-History,True
attachments/Ever-Since-Darwin-Reflections-in-Natural-History.jpg|height=120,attachmentsEver-Since-Darwin-Reflections-in-Natural-History.jpgheight=120,False
Ever Since Darwin: Reflections in Natural History,Ever-Since-Darwin-Reflections-in-Natural-History,True
attachments/Godman-to-Tycoon-The-Untold-Story-of-Baba-Ramdev.jpg|height=120,attachmentsGodman-to-Tycoon-The-Untold-Story-of-Baba-Ramdev.jpgheight=120,False
Godman to Tycoon : The Untold Story of Baba Ramdev,Godman-to-Tycoon-The-Untold-Story-of-Baba-Ramdev,True
attachments/The-Wildlife-of-India.jpg|height=120,attachmentsThe-Wildlife-of-India.jpgheight=120,False
The Wildlife of India,The-Wildlife-of-India,True
attachments/A-History-of-Russia-From-Peter-the-Great-to-Gorbachev.jpg|height=120,attachmentsA-History-of-Russia-From-Peter-the-Great-to-Gorbachev.jpgheight=120,False
A History of Russia: From Peter the Great to Gorbachev,A-History-of-Russia-From-Peter-the-Great-to-Gorbachev,True
attachments/The-Selfish-Gene.jpg|height=120,attachmentsThe-Selfish-Gene.jpgheight=120,False
The Selfish Gene,The-Selfish-Gene,True
attachments/Siddhartha.jpg|height=120,attachmentsSiddhartha.jpgheight=120,False
Siddhartha,Siddhartha,True
attachments/Sibley's-Birding-Basics-(Sibley-Guides).jpg|height=120,attachmentsSibley's-Birding-Basics-(Sibley-Guides).jpgheight=120,False
Sibley's Birding Basics (Sibley Guides),Sibley's-Birding-Basics-(Sibley-Guides),True
attachments/Mountains-and-Marshes-Exploring-the-Bay-Area's-Natural-History.jpg|height=120,attachmentsMountains-and-Marshes-Exploring-the-Bay-Area's-Natural-History.jpgheight=120,False
Mountains and Marshes: Exploring the Bay Area's Natural History,Mountains-and-Marshes-Exploring-the-Bay-Area's-Natural-History,True
attachments/Interesting-Times-A-Twentieth-Century-Life.jpg|height=120,attachmentsInteresting-Times-A-Twentieth-Century-Life.jpgheight=120,False
Interesting Times: A Twentieth-Century Life,Interesting-Times-A-Twentieth-Century-Life,True
"attachments/Nations-and-Nationalism-since-1780-Programme,-Myth,-Reality.jpg|height=120","attachmentsNations-and-Nationalism-since-1780-Programme,-Myth,-Reality.jpgheight=120",False
"Nations and Nationalism since 1780: Programme, Myth, Reality","Nations-and-Nationalism-since-1780-Programme,-Myth,-Reality",True
attachments/A-People’s-History-of-the-United-States-1492---Present.jpg|height=120,attachmentsA-People’s-History-of-the-United-States-1492---Present.jpgheight=120,False
A People’s History of the United States: 1492 - Present,A-People’s-History-of-the-United-States-1492---Present,True
"attachments/The-Men-Who-United-the-States-America's-Explorers,-Inventors,-Eccentrics-and-Mavericks,-and-the-Creation-of-One-Nation,-Indivisible.jpg|height=120","attachmentsThe-Men-Who-United-the-States-America's-Explorers,-Inventors,-Eccentrics-and-Mavericks,-and-the-Creation-of-One-Nation,-Indivisible.jpgheight=120",False
"The Men Who United the States: America's Explorers, Inventors, Eccentrics and Mavericks, and the Creation of One Nation, Indivisible","The-Men-Who-United-the-States-America's-Explorers,-Inventors,-Eccentrics-and-Mavericks,-and-the-Creation-of-One-Nation,-Indivisible",True
attachments/Shorebirds.jpg|height=120,attachmentsShorebirds.jpgheight=120,False
Shorebirds,Shorebirds,True
attachments/The-Shock-of-the-Fall.jpg|height=120,attachmentsThe-Shock-of-the-Fall.jpgheight=120,False
The Shock of the Fall,The-Shock-of-the-Fall,True
attachments/A-Fortunate-Man-The-Story-of-a-Country-Doctor.jpg|height=120,attachmentsA-Fortunate-Man-The-Story-of-a-Country-Doctor.jpgheight=120,False
A Fortunate Man: The Story of a Country Doctor,A-Fortunate-Man-The-Story-of-a-Country-Doctor,True
attachments/Civil-Disobedience.jpg|height=120,attachmentsCivil-Disobedience.jpgheight=120,False
Civil Disobedience,Civil-Disobedience,True
attachments/Garden-Birds-of-Britain-&-Europe-(Collins-Nature-Guides).jpg|height=120,attachmentsGarden-Birds-of-Britain-&-Europe-(Collins-Nature-Guides).jpgheight=120,False
Garden Birds of Britain & Europe (Collins Nature Guides),Garden-Birds-of-Britain-&-Europe-(Collins-Nature-Guides),True
attachments/Samskara-A-Rite-for-a-Dead-Man.jpg|height=120,attachmentsSamskara-A-Rite-for-a-Dead-Man.jpgheight=120,False
Samskara: A Rite for a Dead Man,Samskara-A-Rite-for-a-Dead-Man,True
"attachments/Health-Inequality-An-Introduction-to-Concepts,-Theories-and-Methods.jpg|height=120","attachmentsHealth-Inequality-An-Introduction-to-Concepts,-Theories-and-Methods.jpgheight=120",False
"Health Inequality: An Introduction to Concepts, Theories and Methods","Health-Inequality-An-Introduction-to-Concepts,-Theories-and-Methods",True
attachments/The-Gene-An-Intimate-History.jpg|height=120,attachmentsThe-Gene-An-Intimate-History.jpgheight=120,False
The Gene: An Intimate History,The-Gene-An-Intimate-History,True
attachments/Death.jpg|height=120,attachmentsDeath.jpgheight=120,False
Death,Death,True
attachments/The-Paintings-that-Revolutionized-Art.jpg|height=120,attachmentsThe-Paintings-that-Revolutionized-Art.jpgheight=120,False
The Paintings that Revolutionized Art,The-Paintings-that-Revolutionized-Art,True
attachments/Celebrating-the-Best-of-Urdu-Poetry.jpg|height=120,attachmentsCelebrating-the-Best-of-Urdu-Poetry.jpgheight=120,False
Celebrating the Best of Urdu Poetry,Celebrating-the-Best-of-Urdu-Poetry,True
attachments/Illness-as-Metaphor.jpg|height=120,attachmentsIllness-as-Metaphor.jpgheight=120,False
Illness as Metaphor,Illness-as-Metaphor,True
attachments/The-Collected-Works-of-Oscar-Wilde.jpg|height=120,attachmentsThe-Collected-Works-of-Oscar-Wilde.jpgheight=120,False
The Collected Works of Oscar Wilde,The-Collected-Works-of-Oscar-Wilde,True
attachments/Birds-of-South-Asia-The-Ripley-Guide.-Volumes-1-&-2.jpg|height=120,attachmentsBirds-of-South-Asia-The-Ripley-Guide.-Volumes-1-&-2.jpgheight=120,False
Birds of South Asia: The Ripley Guide. Volumes 1 & 2,Birds-of-South-Asia-The-Ripley-Guide.-Volumes-1-&-2,True
attachments/Himalayan-Journals.jpg|height=120,attachmentsHimalayan-Journals.jpgheight=120,False
Himalayan Journals,Himalayan-Journals,True
attachments/Being-Mortal-Medicine-and-What-Matters-in-the-End.jpg|height=120,attachmentsBeing-Mortal-Medicine-and-What-Matters-in-the-End.jpgheight=120,False
Being Mortal: Medicine and What Matters in the End,Being-Mortal-Medicine-and-What-Matters-in-the-End,True
attachments/On-Religion-Selections-from-the-Writings-of-Bertrand-Russell.jpg|height=120,attachmentsOn-Religion-Selections-from-the-Writings-of-Bertrand-Russell.jpgheight=120,False
On Religion: Selections from the Writings of Bertrand Russell,On-Religion-Selections-from-the-Writings-of-Bertrand-Russell,True
"attachments/The-History-of-Middle-Earth-Index-(The-History-of-Middle-Earth,-#13).jpg|height=120","attachmentsThe-History-of-Middle-Earth-Index-(The-History-of-Middle-Earth,-#13).jpgheight=120",False
"The History of Middle-Earth Index (The History of Middle-Earth, #13)","The-History-of-Middle-Earth-Index-(The-History-of-Middle-Earth,-#13)",True
attachments/Ten-Thousand-Birds-Ornithology-since-Darwin.jpg|height=120,attachmentsTen-Thousand-Birds-Ornithology-since-Darwin.jpgheight=120,False
Ten Thousand Birds: Ornithology since Darwin,Ten-Thousand-Birds-Ornithology-since-Darwin,True
attachments/Bird-Sense-What-It's-Like-to-Be-a-Bird.jpg|height=120,attachmentsBird-Sense-What-It's-Like-to-Be-a-Bird.jpgheight=120,False
Bird Sense: What It's Like to Be a Bird,Bird-Sense-What-It's-Like-to-Be-a-Bird,True
attachments/Unnatural-Selection-Choosing-Boys-over-Girls-and-the-Consequences-of-a-World-Full-of-Men.jpg|height=120,attachmentsUnnatural-Selection-Choosing-Boys-over-Girls-and-the-Consequences-of-a-World-Full-of-Men.jpgheight=120,False
Unnatural Selection: Choosing Boys over Girls and the Consequences of a World Full of Men,Unnatural-Selection-Choosing-Boys-over-Girls-and-the-Consequences-of-a-World-Full-of-Men,True
attachments/A-Strange-Kind-of-Paradise-India-Through-Foreign-Eyes.jpg|height=120,attachmentsA-Strange-Kind-of-Paradise-India-Through-Foreign-Eyes.jpgheight=120,False
A Strange Kind of Paradise: India Through Foreign Eyes,A-Strange-Kind-of-Paradise-India-Through-Foreign-Eyes,True
"attachments/Cocktail-Time-(Uncle-Fred,-#3).jpg|height=120","attachmentsCocktail-Time-(Uncle-Fred,-#3).jpgheight=120",False
"Cocktail Time (Uncle Fred, #3)","Cocktail-Time-(Uncle-Fred,-#3)",True
"attachments/Indian-Stories-(Indialog-Classics,-2005,-Pa).jpg|height=120","attachmentsIndian-Stories-(Indialog-Classics,-2005,-Pa).jpgheight=120",False
"Indian Stories (Indialog Classics, 2005, Pa)","Indian-Stories-(Indialog-Classics,-2005,-Pa)",True
attachments/A-Photographic-Guide-to-the-Birds-of-Southeast-Asia-Including-the-Philippines-and-Borneo.jpg|height=120,attachmentsA-Photographic-Guide-to-the-Birds-of-Southeast-Asia-Including-the-Philippines-and-Borneo.jpgheight=120,False
A Photographic Guide to the Birds of Southeast Asia: Including the Philippines and Borneo,A-Photographic-Guide-to-the-Birds-of-Southeast-Asia-Including-the-Philippines-and-Borneo,True
attachments/Pictorial-guide-to-frogs-and-toads-of-the-western-ghats.jpg|height=120,attachmentsPictorial-guide-to-frogs-and-toads-of-the-western-ghats.jpgheight=120,False
Pictorial guide to frogs and toads of the western ghats,Pictorial-guide-to-frogs-and-toads-of-the-western-ghats,True
attachments/Birds-of-Uganda-A-Picture-Guide.jpg|height=120,attachmentsBirds-of-Uganda-A-Picture-Guide.jpgheight=120,False
Birds of Uganda: A Picture Guide,Birds-of-Uganda-A-Picture-Guide,True
attachments/The-Book-of-Indian-Reptiles-and-Amphibians.jpg|height=120,attachmentsThe-Book-of-Indian-Reptiles-and-Amphibians.jpgheight=120,False
The Book of Indian Reptiles and Amphibians,The-Book-of-Indian-Reptiles-and-Amphibians,True
attachments/Common-dryland-trees-of-Karnataka.jpg|height=120,attachmentsCommon-dryland-trees-of-Karnataka.jpgheight=120,False
Common dryland trees of Karnataka,Common-dryland-trees-of-Karnataka,True
attachments/Wildlife-Conservation-Society-Birds-of-Brazil-The-Pantanal-and-Cerrado-of-Central-Brazil.jpg|height=120,attachmentsWildlife-Conservation-Society-Birds-of-Brazil-The-Pantanal-and-Cerrado-of-Central-Brazil.jpgheight=120,False
Wildlife Conservation Society Birds of Brazil: The Pantanal and Cerrado of Central Brazil,Wildlife-Conservation-Society-Birds-of-Brazil-The-Pantanal-and-Cerrado-of-Central-Brazil,True
attachments/Gitanjali.jpg|height=120,attachmentsGitanjali.jpgheight=120,False
Gitanjali,Gitanjali,True
attachments/Golden-Bats-&-Pink-Pigeons.jpg|height=120,attachmentsGolden-Bats-&-Pink-Pigeons.jpgheight=120,False
Golden Bats & Pink Pigeons,Golden-Bats-&-Pink-Pigeons,True
attachments/The-Ancient-Geography-of-India.jpg|height=120,attachmentsThe-Ancient-Geography-of-India.jpgheight=120,False
The Ancient Geography of India,The-Ancient-Geography-of-India,True
attachments/The-Revolution-Will-be-Digitised-Dispatches-from-the-Information-War.jpg|height=120,attachmentsThe-Revolution-Will-be-Digitised-Dispatches-from-the-Information-War.jpgheight=120,False
The Revolution Will be Digitised: Dispatches from the Information War,The-Revolution-Will-be-Digitised-Dispatches-from-the-Information-War,True
"attachments/Evolution-of-Life-(Hamlyn-allcolour-paperbacks,-natural-history).jpg|height=120","attachmentsEvolution-of-Life-(Hamlyn-allcolour-paperbacks,-natural-history).jpgheight=120",False
"Evolution of Life (Hamlyn allcolour paperbacks, natural history)","Evolution-of-Life-(Hamlyn-allcolour-paperbacks,-natural-history)",True
attachments/The-Indian-Ideology.jpg|height=120,attachmentsThe-Indian-Ideology.jpgheight=120,False
The Indian Ideology,The-Indian-Ideology,True
attachments/India-Historical-Beginnings-and-the-Concept-of-the-Aryan.jpg|height=120,attachmentsIndia-Historical-Beginnings-and-the-Concept-of-the-Aryan.jpgheight=120,False
India: Historical Beginnings and the Concept of the Aryan,India-Historical-Beginnings-and-the-Concept-of-the-Aryan,True
attachments/A-Guide-to-the-Birds-of-Ceylon.jpg|height=120,attachmentsA-Guide-to-the-Birds-of-Ceylon.jpgheight=120,False
A Guide to the Birds of Ceylon,A-Guide-to-the-Birds-of-Ceylon,True
attachments/A-Field-Guide-to-the-Birds-of-Thailand.jpg|height=120,attachmentsA-Field-Guide-to-the-Birds-of-Thailand.jpgheight=120,False
A Field Guide to the Birds of Thailand,A-Field-Guide-to-the-Birds-of-Thailand,True
attachments/Survival-Strategies-Cooperation-and-Conflict-in-Animal-Societies.jpg|height=120,attachmentsSurvival-Strategies-Cooperation-and-Conflict-in-Animal-Societies.jpgheight=120,False
Survival Strategies: Cooperation and Conflict in Animal Societies,Survival-Strategies-Cooperation-and-Conflict-in-Animal-Societies,True
attachments/Life's-Devices-The-Physical-World-of-Animals-and-Plants.jpg|height=120,attachmentsLife's-Devices-The-Physical-World-of-Animals-and-Plants.jpgheight=120,False
Life's Devices: The Physical World of Animals and Plants,Life's-Devices-The-Physical-World-of-Animals-and-Plants,True
attachments/Something-Fishy.jpg|height=120,attachmentsSomething-Fishy.jpgheight=120,False
Something Fishy,Something-Fishy,True
attachments/Field-Notes-on-Science-&-Nature.jpg|height=120,attachmentsField-Notes-on-Science-&-Nature.jpgheight=120,False
Field Notes on Science & Nature,Field-Notes-on-Science-&-Nature,True
attachments/The-Wisdom-of-Birds-An-Illustrated-History-of-Ornithology.jpg|height=120,attachmentsThe-Wisdom-of-Birds-An-Illustrated-History-of-Ornithology.jpgheight=120,False
The Wisdom of Birds: An Illustrated History of Ornithology,The-Wisdom-of-Birds-An-Illustrated-History-of-Ornithology,True
attachments/Simon-&-Schuster's-Guide-to-Mushrooms.jpg|height=120,attachmentsSimon-&-Schuster's-Guide-to-Mushrooms.jpgheight=120,False
Simon & Schuster's Guide to Mushrooms,Simon-&-Schuster's-Guide-to-Mushrooms,True
attachments/Sprint-of-the-Blackbuck-Writings-on-Wildlife-and-Conservation-in-South-India.jpg|height=120,attachmentsSprint-of-the-Blackbuck-Writings-on-Wildlife-and-Conservation-in-South-India.jpgheight=120,False
Sprint of the Blackbuck: Writings on Wildlife and Conservation in South India,Sprint-of-the-Blackbuck-Writings-on-Wildlife-and-Conservation-in-South-India,True
attachments/Darwin-A-Very-Short-Introduction.jpg|height=120,attachmentsDarwin-A-Very-Short-Introduction.jpgheight=120,False
Darwin: A Very Short Introduction,Darwin-A-Very-Short-Introduction,True
attachments/Love-Letters-Of-Great-Men-And-Women-From-The-Eighteenth-Century-To-The-Present-Day.jpg|height=120,attachmentsLove-Letters-Of-Great-Men-And-Women-From-The-Eighteenth-Century-To-The-Present-Day.jpgheight=120,False
Love Letters Of Great Men And Women: From The Eighteenth Century To The Present Day,Love-Letters-Of-Great-Men-And-Women-From-The-Eighteenth-Century-To-The-Present-Day,True
attachments/Splendours-of-Royal-Mysore-The-Untold-Story-of-the-Wodeyars.jpg|height=120,attachmentsSplendours-of-Royal-Mysore-The-Untold-Story-of-the-Wodeyars.jpgheight=120,False
Splendours of Royal Mysore: The Untold Story of the Wodeyars,Splendours-of-Royal-Mysore-The-Untold-Story-of-the-Wodeyars,True
attachments/The-Ancestor's-Tale.jpg|height=120,attachmentsThe-Ancestor's-Tale.jpgheight=120,False
The Ancestor's Tale,The-Ancestor's-Tale,True
attachments/The-Great-Divide-India-and-Pakistan.jpg|height=120,attachmentsThe-Great-Divide-India-and-Pakistan.jpgheight=120,False
The Great Divide: India and Pakistan,The-Great-Divide-India-and-Pakistan,True
attachments/The-Case-Book-Of-Sherlock-Holmes.jpg|height=120,attachmentsThe-Case-Book-Of-Sherlock-Holmes.jpgheight=120,False
The Case-Book Of Sherlock Holmes,The-Case-Book-Of-Sherlock-Holmes,True
attachments/The-Sun-that-Rose-from-the-Earth.jpg|height=120,attachmentsThe-Sun-that-Rose-from-the-Earth.jpgheight=120,False
The Sun that Rose from the Earth,The-Sun-that-Rose-from-the-Earth,True
attachments/The-Signal-and-the-Noise-The-Art-and-Science-of-Prediction.jpg|height=120,attachmentsThe-Signal-and-the-Noise-The-Art-and-Science-of-Prediction.jpgheight=120,False
The Signal and the Noise: The Art and Science of Prediction,The-Signal-and-the-Noise-The-Art-and-Science-of-Prediction,True
"attachments/At-the-Water's-Edge-Fish-with-Fingers,-Whales-with-Legs,-and-How-Life-Came-Ashore-but-Then-Went-Back-to-Sea.jpg|height=120","attachmentsAt-the-Water's-Edge-Fish-with-Fingers,-Whales-with-Legs,-and-How-Life-Came-Ashore-but-Then-Went-Back-to-Sea.jpgheight=120",False
"At the Water's Edge: Fish with Fingers, Whales with Legs, and How Life Came Ashore but Then Went Back to Sea","At-the-Water's-Edge-Fish-with-Fingers,-Whales-with-Legs,-and-How-Life-Came-Ashore-but-Then-Went-Back-to-Sea",True
attachments/Three-Men-in-a-Boat-and-Three-Men-on-the-Bummel.jpg|height=120,attachmentsThree-Men-in-a-Boat-and-Three-Men-on-the-Bummel.jpgheight=120,False
Three Men in a Boat and Three Men on the Bummel,Three-Men-in-a-Boat-and-Three-Men-on-the-Bummel,True
attachments/The-Curious-Case-of-Binayak-Sen.jpg|height=120,attachmentsThe-Curious-Case-of-Binayak-Sen.jpgheight=120,False
The Curious Case of Binayak Sen,The-Curious-Case-of-Binayak-Sen,True
attachments/The-Motorcycle-Diaries.jpg|height=120,attachmentsThe-Motorcycle-Diaries.jpgheight=120,False
The Motorcycle Diaries,The-Motorcycle-Diaries,True
attachments/Home-Winemaking-Step-by-Step-A-Guide-to-Fermenting-Wine-Grapes.jpg|height=120,attachmentsHome-Winemaking-Step-by-Step-A-Guide-to-Fermenting-Wine-Grapes.jpgheight=120,False
Home Winemaking Step by Step: A Guide to Fermenting Wine Grapes,Home-Winemaking-Step-by-Step-A-Guide-to-Fermenting-Wine-Grapes,True
attachments/Mr.-Sampath-The-Printer-Of-Malgudi.jpg|height=120,attachmentsMr.-Sampath-The-Printer-Of-Malgudi.jpgheight=120,False
Mr. Sampath: The Printer Of Malgudi,Mr.-Sampath-The-Printer-Of-Malgudi,True
attachments/The-Best-Crime-Stories-Of-The-19th-Century.jpg|height=120,attachmentsThe-Best-Crime-Stories-Of-The-19th-Century.jpgheight=120,False
The Best Crime Stories Of The 19th Century,The-Best-Crime-Stories-Of-The-19th-Century,True
attachments/Eurekas-and-Euphorias-The-Oxford-Book-of-Scientific-Anecdotes-(Popular-Science).jpg|height=120,attachmentsEurekas-and-Euphorias-The-Oxford-Book-of-Scientific-Anecdotes-(Popular-Science).jpgheight=120,False
Eurekas and Euphorias: The Oxford Book of Scientific Anecdotes (Popular Science),Eurekas-and-Euphorias-The-Oxford-Book-of-Scientific-Anecdotes-(Popular-Science),True
"attachments/MS,-A-Life-In-Music.jpg|height=120","attachmentsMS,-A-Life-In-Music.jpgheight=120",False
"MS, A Life In Music","MS,-A-Life-In-Music",True
attachments/I-Have-Landed-The-End-of-a-Beginning-in-Natural-History.jpg|height=120,attachmentsI-Have-Landed-The-End-of-a-Beginning-in-Natural-History.jpgheight=120,False
I Have Landed: The End of a Beginning in Natural History,I-Have-Landed-The-End-of-a-Beginning-in-Natural-History,True
attachments/Collins-Bird-Guide-The-Most-Complete-Guide-to-the-Birds-of-Britain-and-Europe.jpg|height=120,attachmentsCollins-Bird-Guide-The-Most-Complete-Guide-to-the-Birds-of-Britain-and-Europe.jpgheight=120,False
Collins Bird Guide: The Most Complete Guide to the Birds of Britain and Europe,Collins-Bird-Guide-The-Most-Complete-Guide-to-the-Birds-of-Britain-and-Europe,True
"attachments/The-Argumentative-Indian-Writings-on-Indian-History,-Culture-and-Identity.jpg|height=120","attachmentsThe-Argumentative-Indian-Writings-on-Indian-History,-Culture-and-Identity.jpgheight=120",False
"The Argumentative Indian: Writings on Indian History, Culture and Identity","The-Argumentative-Indian-Writings-on-Indian-History,-Culture-and-Identity",True
attachments/An-Uncertain-Glory-India-and-its-Contradictions.jpg|height=120,attachmentsAn-Uncertain-Glory-India-and-its-Contradictions.jpgheight=120,False
An Uncertain Glory: India and its Contradictions,An-Uncertain-Glory-India-and-its-Contradictions,True
attachments/Sceptical-Essays-(Routledge-Classics).jpg|height=120,attachmentsSceptical-Essays-(Routledge-Classics).jpgheight=120,False
Sceptical Essays (Routledge Classics),Sceptical-Essays-(Routledge-Classics),True
attachments/Cat's-Cradle.jpg|height=120,attachmentsCat's-Cradle.jpgheight=120,False
Cat's Cradle,Cat's-Cradle,True
attachments/The-Pattern-of-Evolution.jpg|height=120,attachmentsThe-Pattern-of-Evolution.jpgheight=120,False
The Pattern of Evolution,The-Pattern-of-Evolution,True
attachments/The-Story-of-Philosophy.jpg|height=120,attachmentsThe-Story-of-Philosophy.jpgheight=120,False
The Story of Philosophy,The-Story-of-Philosophy,True
attachments/On-Writing.jpg|height=120,attachmentsOn-Writing.jpgheight=120,False
On Writing,On-Writing,True
attachments/Indian-Identity.jpg|height=120,attachmentsIndian-Identity.jpgheight=120,False
Indian Identity,Indian-Identity,True
attachments/A-Realist-Theory-of-Science-(Classical-Texts-in-Critical-Realism-(Routledge-Critical-Realism)).jpg|height=120,attachmentsA-Realist-Theory-of-Science-(Classical-Texts-in-Critical-Realism-(Routledge-Critical-Realism)).jpgheight=120,False
A Realist Theory of Science (Classical Texts in Critical Realism (Routledge Critical Realism)),A-Realist-Theory-of-Science-(Classical-Texts-in-Critical-Realism-(Routledge-Critical-Realism)),True
attachments/Love-Among-the-Chickens.jpg|height=120,attachmentsLove-Among-the-Chickens.jpgheight=120,False
Love Among the Chickens,Love-Among-the-Chickens,True
attachments/Unpopular-Essays.jpg|height=120,attachmentsUnpopular-Essays.jpgheight=120,False
Unpopular Essays,Unpopular-Essays,True
attachments/The-Book-of-Indian-Trees.jpg|height=120,attachmentsThe-Book-of-Indian-Trees.jpgheight=120,False
The Book of Indian Trees,The-Book-of-Indian-Trees,True
attachments/R-in-Action.jpg|height=120,attachmentsR-in-Action.jpgheight=120,False
R in Action,R-in-Action,True
attachments/Birds-Indian-Subcontinent-Om-Ed.jpg|height=120,attachmentsBirds-Indian-Subcontinent-Om-Ed.jpgheight=120,False
Birds Indian Subcontinent-Om Ed,Birds-Indian-Subcontinent-Om-Ed,True
attachments/A-Book-of-English-Essays-(Pelican).jpg|height=120,attachmentsA-Book-of-English-Essays-(Pelican).jpgheight=120,False
A Book of English Essays (Pelican),A-Book-of-English-Essays-(Pelican),True
"attachments/Birds-in-Our-Lives,-India.jpg|height=120","attachmentsBirds-in-Our-Lives,-India.jpgheight=120",False
"Birds in Our Lives, India","Birds-in-Our-Lives,-India",True
attachments/The-Mother-Tongue-English-and-How-It-Got-That-Way.jpg|height=120,attachmentsThe-Mother-Tongue-English-and-How-It-Got-That-Way.jpgheight=120,False
The Mother Tongue: English and How It Got That Way,The-Mother-Tongue-English-and-How-It-Got-That-Way,True
attachments/One-Hundred-Years-of-Solitude.jpg|height=120,attachmentsOne-Hundred-Years-of-Solitude.jpgheight=120,False
One Hundred Years of Solitude,One-Hundred-Years-of-Solitude,True
attachments/Anne-Frank-Diary-of-a-Young-Girl.jpg|height=120,attachmentsAnne-Frank-Diary-of-a-Young-Girl.jpgheight=120,False
Anne Frank: Diary of a Young Girl,Anne-Frank-Diary-of-a-Young-Girl,True
attachments/Some-Beautiful-Indian-Climbers-and-Shrubs.jpg|height=120,attachmentsSome-Beautiful-Indian-Climbers-and-Shrubs.jpgheight=120,False
Some Beautiful Indian Climbers and Shrubs,Some-Beautiful-Indian-Climbers-and-Shrubs,True
attachments/Touching-Lives.jpg|height=120,attachmentsTouching-Lives.jpgheight=120,False
Touching Lives,Touching-Lives,True
attachments/Train-to-India-Memories-of-Another-Bengal.jpg|height=120,attachmentsTrain-to-India-Memories-of-Another-Bengal.jpgheight=120,False
Train to India: Memories of Another Bengal,Train-to-India-Memories-of-Another-Bengal,True
attachments/Conjectures-and-Refutations-The-Growth-of-Scientific-Knowledge-(Routledge-Classics).jpg|height=120,attachmentsConjectures-and-Refutations-The-Growth-of-Scientific-Knowledge-(Routledge-Classics).jpgheight=120,False
Conjectures and Refutations: The Growth of Scientific Knowledge (Routledge Classics),Conjectures-and-Refutations-The-Growth-of-Scientific-Knowledge-(Routledge-Classics),True
attachments/The-Fellowship-The-Story-of-the-Royal-Society-and-a-Scientific-Revolution.jpg|height=120,attachmentsThe-Fellowship-The-Story-of-the-Royal-Society-and-a-Scientific-Revolution.jpgheight=120,False
The Fellowship: The Story of the Royal Society and a Scientific Revolution,The-Fellowship-The-Story-of-the-Royal-Society-and-a-Scientific-Revolution,True
attachments/Everybody-Loves-a-Good-Drought.jpg|height=120,attachmentsEverybody-Loves-a-Good-Drought.jpgheight=120,False
Everybody Loves a Good Drought,Everybody-Loves-a-Good-Drought,True
"attachments/The-Trouble-with-Physics-The-Rise-of-String-Theory,-the-Fall-of-a-Science-and-What-Comes-Next.jpg|height=120","attachmentsThe-Trouble-with-Physics-The-Rise-of-String-Theory,-the-Fall-of-a-Science-and-What-Comes-Next.jpgheight=120",False
"The Trouble with Physics: The Rise of String Theory, the Fall of a Science and What Comes Next","The-Trouble-with-Physics-The-Rise-of-String-Theory,-the-Fall-of-a-Science-and-What-Comes-Next",True
"attachments/The-Salmon-of-Doubt-(Dirk-Gently,-#3).jpg|height=120","attachmentsThe-Salmon-of-Doubt-(Dirk-Gently,-#3).jpgheight=120",False
"The Salmon of Doubt (Dirk Gently, #3)","The-Salmon-of-Doubt-(Dirk-Gently,-#3)",True
attachments/Shakespeare.jpg|height=120,attachmentsShakespeare.jpgheight=120,False
Shakespeare,Shakespeare,True
"attachments/Guns,-Germs-and-Steel-A-Short-History-of-Everybody-for-the-Last-13,000-Years.jpg|height=120","attachmentsGuns,-Germs-and-Steel-A-Short-History-of-Everybody-for-the-Last-13,000-Years.jpgheight=120",False
"Guns, Germs and Steel: A Short History of Everybody for the Last 13,000 Years","Guns,-Germs-and-Steel-A-Short-History-of-Everybody-for-the-Last-13,000-Years",True
attachments/Fifty-Years-of-the-Supreme-Court-of-India-Its-Grasp-and-Reach-(Oxford-India-Paperbacks).jpg|height=120,attachmentsFifty-Years-of-the-Supreme-Court-of-India-Its-Grasp-and-Reach-(Oxford-India-Paperbacks).jpgheight=120,False
Fifty Years of the Supreme Court of India: Its Grasp and Reach (Oxford India Paperbacks),Fifty-Years-of-the-Supreme-Court-of-India-Its-Grasp-and-Reach-(Oxford-India-Paperbacks),True
attachments/What-Do-You-Care-What-Other-People-Think-Further-Adventures-of-a-Curious-Character.jpg|height=120,attachmentsWhat-Do-You-Care-What-Other-People-Think-Further-Adventures-of-a-Curious-Character.jpgheight=120,False
What Do You Care What Other People Think? Further Adventures of a Curious Character,What-Do-You-Care-What-Other-People-Think-Further-Adventures-of-a-Curious-Character,True
attachments/Limits-to-Medicine-Medical-Nemesis-The-Expropriation-of-Health.jpg|height=120,attachmentsLimits-to-Medicine-Medical-Nemesis-The-Expropriation-of-Health.jpgheight=120,False
Limits to Medicine: Medical Nemesis: The Expropriation of Health,Limits-to-Medicine-Medical-Nemesis-The-Expropriation-of-Health,True
attachments/Our-Knowledge-of-the-External-World-As-a-Field-for-Scientific-Method-in-Philosophy.jpg|height=120,attachmentsOur-Knowledge-of-the-External-World-As-a-Field-for-Scientific-Method-in-Philosophy.jpgheight=120,False
Our Knowledge of the External World: As a Field for Scientific Method in Philosophy,Our-Knowledge-of-the-External-World-As-a-Field-for-Scientific-Method-in-Philosophy,True
attachments/Skin-and-Other-Stories.jpg|height=120,attachmentsSkin-and-Other-Stories.jpgheight=120,False
Skin and Other Stories,Skin-and-Other-Stories,True
attachments/Schrödinger's-Kittens-And-The-Search-For-Reality.jpg|height=120,attachmentsSchrödinger's-Kittens-And-The-Search-For-Reality.jpgheight=120,False
Schrödinger's Kittens And The Search For Reality,Schrödinger's-Kittens-And-The-Search-For-Reality,True
"attachments/Of-Moths-and-Men-Intrigue,-Tragedy-and-the-Peppered-Moth.jpg|height=120","attachmentsOf-Moths-and-Men-Intrigue,-Tragedy-and-the-Peppered-Moth.jpgheight=120",False
"Of Moths and Men : Intrigue, Tragedy and the Peppered Moth","Of-Moths-and-Men-Intrigue,-Tragedy-and-the-Peppered-Moth",True
attachments/The-Idea-Of-India.jpg|height=120,attachmentsThe-Idea-Of-India.jpgheight=120,False
The Idea Of India,The-Idea-Of-India,True
attachments/The-Man-Who-Mistook-His-Wife-for-a-Hat.jpg|height=120,attachmentsThe-Man-Who-Mistook-His-Wife-for-a-Hat.jpgheight=120,False
The Man Who Mistook His Wife for a Hat,The-Man-Who-Mistook-His-Wife-for-a-Hat,True
attachments/The-Curious-Incident-of-the-Dog-in-the-Night-Time.jpg|height=120,attachmentsThe-Curious-Incident-of-the-Dog-in-the-Night-Time.jpgheight=120,False
The Curious Incident of the Dog in the Night-Time,The-Curious-Incident-of-the-Dog-in-the-Night-Time,True
attachments/The-Clash-of-Civilizations-and-the-Remaking-of-World-Order.jpg|height=120,attachmentsThe-Clash-of-Civilizations-and-the-Remaking-of-World-Order.jpgheight=120,False
The Clash of Civilizations and the Remaking of World Order,The-Clash-of-Civilizations-and-the-Remaking-of-World-Order,True
attachments/India-Through-Its-Birds.jpg|height=120,attachmentsIndia-Through-Its-Birds.jpgheight=120,False
India Through Its Birds,India-Through-Its-Birds,True
attachments/Political-Thought-(Oxford-Readers).jpg|height=120,attachmentsPolitical-Thought-(Oxford-Readers).jpgheight=120,False
Political Thought (Oxford Readers),Political-Thought-(Oxford-Readers),True
attachments/Don't-You-Have-Time-to-Think.jpg|height=120,attachmentsDon't-You-Have-Time-to-Think.jpgheight=120,False
Don't You Have Time to Think?,Don't-You-Have-Time-to-Think,True
attachments/Mauled-by-a-tiger-Encounters-in-the-Indian-Jungles.jpg|height=120,attachmentsMauled-by-a-tiger-Encounters-in-the-Indian-Jungles.jpgheight=120,False
Mauled by a tiger: Encounters in the Indian Jungles,Mauled-by-a-tiger-Encounters-in-the-Indian-Jungles,True
attachments/Ruling-Passions-Political-Offices-and-Democratic-Ethics.jpg|height=120,attachmentsRuling-Passions-Political-Offices-and-Democratic-Ethics.jpgheight=120,False
Ruling Passions: Political Offices and Democratic Ethics,Ruling-Passions-Political-Offices-and-Democratic-Ethics,True
attachments/Hitch-22.jpg|height=120,attachmentsHitch-22.jpgheight=120,False
Hitch-22,Hitch-22,True
attachments/A-Brief-History-of-India.jpg|height=120,attachmentsA-Brief-History-of-India.jpgheight=120,False
A Brief History of India,A-Brief-History-of-India,True
attachments/100-Selected-Stories.jpg|height=120,attachments100-Selected-Stories.jpgheight=120,False
100 Selected Stories,100-Selected-Stories,True
"attachments/Zoo-in-the-Garden-Lost-and-Found-Wildlife-Classics,-Comprising-the-Tribes-on-My-Frontier.jpg|height=120","attachmentsZoo-in-the-Garden-Lost-and-Found-Wildlife-Classics,-Comprising-the-Tribes-on-My-Frontier.jpgheight=120",False
"Zoo in the Garden: Lost and Found Wildlife Classics, Comprising the Tribes on My Frontier","Zoo-in-the-Garden-Lost-and-Found-Wildlife-Classics,-Comprising-the-Tribes-on-My-Frontier",True
attachments/The-Greatest-Killer-Smallpox-in-History.jpg|height=120,attachmentsThe-Greatest-Killer-Smallpox-in-History.jpgheight=120,False
The Greatest Killer: Smallpox in History,The-Greatest-Killer-Smallpox-in-History,True
attachments/How-Google-Works.jpg|height=120,attachmentsHow-Google-Works.jpgheight=120,False
How Google Works,How-Google-Works,True
attachments/Churchill's-Secret-War-The-British-Empire-and-the-Ravaging-of-India-During-World-War-II.jpg|height=120,attachmentsChurchill's-Secret-War-The-British-Empire-and-the-Ravaging-of-India-During-World-War-II.jpgheight=120,False
Churchill's Secret War: The British Empire and the Ravaging of India During World War II,Churchill's-Secret-War-The-British-Empire-and-the-Ravaging-of-India-During-World-War-II,True
attachments/The-Logic-of-Scientific-Discovery.jpg|height=120,attachmentsThe-Logic-of-Scientific-Discovery.jpgheight=120,False
The Logic of Scientific Discovery,The-Logic-of-Scientific-Discovery,True
"attachments/320-Italian-Recipes-Delicious-Dishes-from-all-over-Italy,-with-a-Full-Guide-to-Ingredients-and-Techniques,-and-Every-Recipe-Shown-Step-by-Step-in-1500-Photographs.jpg|height=120","attachments320-Italian-Recipes-Delicious-Dishes-from-all-over-Italy,-with-a-Full-Guide-to-Ingredients-and-Techniques,-and-Every-Recipe-Shown-Step-by-Step-in-1500-Photographs.jpgheight=120",False
"320 Italian Recipes: Delicious Dishes from all over Italy, with a Full Guide to Ingredients and Techniques, and Every Recipe Shown Step-by-Step in 1500 Photographs","320-Italian-Recipes-Delicious-Dishes-from-all-over-Italy,-with-a-Full-Guide-to-Ingredients-and-Techniques,-and-Every-Recipe-Shown-Step-by-Step-in-1500-Photographs",True
attachments/Complete-Book-Bread-&-Bread-Mach.jpg|height=120,attachmentsComplete-Book-Bread-&-Bread-Mach.jpgheight=120,False
Complete Book Bread & Bread Mach,Complete-Book-Bread-&-Bread-Mach,True
"attachments/Charlie-and-the-Chocolate-Factory-(Charlie-Bucket,-#1).jpg|height=120","attachmentsCharlie-and-the-Chocolate-Factory-(Charlie-Bucket,-#1).jpgheight=120",False
"Charlie and the Chocolate Factory (Charlie Bucket, #1)","Charlie-and-the-Chocolate-Factory-(Charlie-Bucket,-#1)",True
attachments/Snakes-of-India-The-Field-Guide.jpg|height=120,attachmentsSnakes-of-India-The-Field-Guide.jpgheight=120,False
Snakes of India The Field Guide,Snakes-of-India-The-Field-Guide,True
attachments/On-A-Trail-With-Ants-A-Handbook-of-the-Ants-of-Peninsular-India.jpg|height=120,attachmentsOn-A-Trail-With-Ants-A-Handbook-of-the-Ants-of-Peninsular-India.jpgheight=120,False
On A Trail With Ants: A Handbook of the Ants of Peninsular India,On-A-Trail-With-Ants-A-Handbook-of-the-Ants-of-Peninsular-India,True
"attachments/Tropical-Diseases-From-50,-000-BC-To-2500-AD.jpg|height=120","attachmentsTropical-Diseases-From-50,-000-BC-To-2500-AD.jpgheight=120",False
"Tropical Diseases From 50, 000 BC To 2500 AD","Tropical-Diseases-From-50,-000-BC-To-2500-AD",True
attachments/A-Great-Clamour.jpg|height=120,attachmentsA-Great-Clamour.jpgheight=120,False
A Great Clamour,A-Great-Clamour,True
attachments/The-Oldest-Living-Things-in-the-World.jpg|height=120,attachmentsThe-Oldest-Living-Things-in-the-World.jpgheight=120,False
The Oldest Living Things in the World,The-Oldest-Living-Things-in-the-World,True
attachments/Waking-Up-A-Guide-to-Spirituality-Without-Religion.jpg|height=120,attachmentsWaking-Up-A-Guide-to-Spirituality-Without-Religion.jpgheight=120,False
Waking Up: A Guide to Spirituality Without Religion,Waking-Up-A-Guide-to-Spirituality-Without-Religion,True
attachments/How-We-Got-to-Now-Six-Innovations-That-Made-the-Modern-World.jpg|height=120,attachmentsHow-We-Got-to-Now-Six-Innovations-That-Made-the-Modern-World.jpgheight=120,False
How We Got to Now: Six Innovations That Made the Modern World,How-We-Got-to-Now-Six-Innovations-That-Made-the-Modern-World,True
attachments/The-Sense-of-Style-The-Thinking-Person's-Guide-to-Writing-in-the-21st-Century.jpg|height=120,attachmentsThe-Sense-of-Style-The-Thinking-Person's-Guide-to-Writing-in-the-21st-Century.jpgheight=120,False
The Sense of Style: The Thinking Person's Guide to Writing in the 21st Century,The-Sense-of-Style-The-Thinking-Person's-Guide-to-Writing-in-the-21st-Century,True
attachments/The-Accidental-Universe-The-World-You-Thought-You-Knew.jpg|height=120,attachmentsThe-Accidental-Universe-The-World-You-Thought-You-Knew.jpgheight=120,False
The Accidental Universe: The World You Thought You Knew,The-Accidental-Universe-The-World-You-Thought-You-Knew,True
attachments/The-Science-of-Interstellar.jpg|height=120,attachmentsThe-Science-of-Interstellar.jpgheight=120,False
The Science of Interstellar,The-Science-of-Interstellar,True
attachments/How-to-Be-Alone-(The-School-of-Life).jpg|height=120,attachmentsHow-to-Be-Alone-(The-School-of-Life).jpgheight=120,False
How to Be Alone (The School of Life),How-to-Be-Alone-(The-School-of-Life),True
attachments/Delhi-Is-Not-Far.jpg|height=120,attachmentsDelhi-Is-Not-Far.jpgheight=120,False
Delhi Is Not Far,Delhi-Is-Not-Far,True
attachments/Environmentalism-A-Global-History.jpg|height=120,attachmentsEnvironmentalism-A-Global-History.jpgheight=120,False
Environmentalism: A Global History,Environmentalism-A-Global-History,True
attachments/Hinduism.jpg|height=120,attachmentsHinduism.jpgheight=120,False
Hinduism,Hinduism,True
"attachments/Thinking,-Fast-and-Slow.jpg|height=120","attachmentsThinking,-Fast-and-Slow.jpgheight=120",False
"Thinking, Fast and Slow","Thinking,-Fast-and-Slow",True
"attachments/Subalterns-and-Sovereigns-An-Anthropological-History-of-Bastar,-1854-1996.jpg|height=120","attachmentsSubalterns-and-Sovereigns-An-Anthropological-History-of-Bastar,-1854-1996.jpgheight=120",False
"Subalterns and Sovereigns: An Anthropological History of Bastar, 1854-1996","Subalterns-and-Sovereigns-An-Anthropological-History-of-Bastar,-1854-1996",True
attachments/Decolonizing-The-Hindu-Mind.jpg|height=120,attachmentsDecolonizing-The-Hindu-Mind.jpgheight=120,False
Decolonizing The Hindu Mind,Decolonizing-The-Hindu-Mind,True
attachments/The-Merck-Manual-of-Medical-Information.jpg|height=120,attachmentsThe-Merck-Manual-of-Medical-Information.jpgheight=120,False
The Merck Manual of Medical Information:,The-Merck-Manual-of-Medical-Information,True
attachments/Professional-Guide-to-Signs-&-Symptoms-(Professional-Guide-to-Signs-and-Symptoms).jpg|height=120,attachmentsProfessional-Guide-to-Signs-&-Symptoms-(Professional-Guide-to-Signs-and-Symptoms).jpgheight=120,False
Professional Guide to Signs & Symptoms (Professional Guide to Signs and Symptoms),Professional-Guide-to-Signs-&-Symptoms-(Professional-Guide-to-Signs-and-Symptoms),True
attachments/The-Adventures-of-Tom-Sawyer.jpg|height=120,attachmentsThe-Adventures-of-Tom-Sawyer.jpgheight=120,False
The Adventures of Tom Sawyer,The-Adventures-of-Tom-Sawyer,True
attachments/Theodore-Boone.jpg|height=120,attachmentsTheodore-Boone.jpgheight=120,False
Theodore Boone,Theodore-Boone,True
attachments/In-Spite-of-the-Gods-The-Strange-Rise-of-Modern-India.jpg|height=120,attachmentsIn-Spite-of-the-Gods-The-Strange-Rise-of-Modern-India.jpgheight=120,False
In Spite of the Gods: The Strange Rise of Modern India,In-Spite-of-the-Gods-The-Strange-Rise-of-Modern-India,True
"attachments/Swami-Vivekananda,-the-Living-Vedanta.jpg|height=120","attachmentsSwami-Vivekananda,-the-Living-Vedanta.jpgheight=120",False
"Swami Vivekananda, the Living Vedanta","Swami-Vivekananda,-the-Living-Vedanta",True
attachments/Java-How-to-Program.jpg|height=120,attachmentsJava-How-to-Program.jpgheight=120,False
Java: How to Program,Java-How-to-Program,True
attachments/Beasts-and-Super-Beasts.jpg|height=120,attachmentsBeasts-and-Super-Beasts.jpgheight=120,False
Beasts and Super-Beasts,Beasts-and-Super-Beasts,True
"attachments/Worlds-Together,-Worlds-Apart-A-History-of-the-Modern-World-From-the-Mongol-Empire-to-the-Present.jpg|height=120","attachmentsWorlds-Together,-Worlds-Apart-A-History-of-the-Modern-World-From-the-Mongol-Empire-to-the-Present.jpgheight=120",False
"Worlds Together, Worlds Apart: A History of the Modern World From the Mongol Empire to the Present","Worlds-Together,-Worlds-Apart-A-History-of-the-Modern-World-From-the-Mongol-Empire-to-the-Present",True
attachments/Mortality.jpg|height=120,attachmentsMortality.jpgheight=120,False
Mortality,Mortality,True
attachments/This-Will-Make-You-Smarter-New-Scientific-Concepts-to-Improve-Your-Thinking.jpg|height=120,attachmentsThis-Will-Make-You-Smarter-New-Scientific-Concepts-to-Improve-Your-Thinking.jpgheight=120,False
This Will Make You Smarter: New Scientific Concepts to Improve Your Thinking,This-Will-Make-You-Smarter-New-Scientific-Concepts-to-Improve-Your-Thinking,True
attachments/The-Making-of-Modern-Medicine.jpg|height=120,attachmentsThe-Making-of-Modern-Medicine.jpgheight=120,False
The Making of Modern Medicine,The-Making-of-Modern-Medicine,True
attachments/A-Room-of-One’s-Own.jpg|height=120,attachmentsA-Room-of-One’s-Own.jpgheight=120,False
A Room of One’s Own,A-Room-of-One’s-Own,True
attachments/The-Silence-of-Animals-On-Progress-and-Other-Modern-Myths.jpg|height=120,attachmentsThe-Silence-of-Animals-On-Progress-and-Other-Modern-Myths.jpgheight=120,False
The Silence of Animals: On Progress and Other Modern Myths,The-Silence-of-Animals-On-Progress-and-Other-Modern-Myths,True
attachments/Pluto's-Republic-Incorporating-The-Art-of-the-Soluble-and-Induction-and-Intuition-in-Scientific-Thought.jpg|height=120,attachmentsPluto's-Republic-Incorporating-The-Art-of-the-Soluble-and-Induction-and-Intuition-in-Scientific-Thought.jpgheight=120,False
Pluto's Republic: Incorporating The Art of the Soluble and Induction and Intuition in Scientific Thought,Pluto's-Republic-Incorporating-The-Art-of-the-Soluble-and-Induction-and-Intuition-in-Scientific-Thought,True
"attachments/Asterix-at-the-Olympic-Games-(Asterix,-#12).jpg|height=120","attachmentsAsterix-at-the-Olympic-Games-(Asterix,-#12).jpgheight=120",False
"Asterix at the Olympic Games (Asterix, #12)","Asterix-at-the-Olympic-Games-(Asterix,-#12)",True
attachments/Letters-to-a-Young-Contrarian.jpg|height=120,attachmentsLetters-to-a-Young-Contrarian.jpgheight=120,False
Letters to a Young Contrarian,Letters-to-a-Young-Contrarian,True
"attachments/Tibet,-Tibet-A-Personal-History-of-a-Lost-Land.jpg|height=120","attachmentsTibet,-Tibet-A-Personal-History-of-a-Lost-Land.jpgheight=120",False
"Tibet, Tibet : A Personal History of a Lost Land","Tibet,-Tibet-A-Personal-History-of-a-Lost-Land",True
attachments/In-Xanadu-A-Quest.jpg|height=120,attachmentsIn-Xanadu-A-Quest.jpgheight=120,False
In Xanadu: A Quest,In-Xanadu-A-Quest,True
attachments/The-Last-Mughul.jpg|height=120,attachmentsThe-Last-Mughul.jpgheight=120,False
The Last Mughul,The-Last-Mughul,True
attachments/Birds-of-Prey-of-the-Indian-Subcontinent-(ID-Guide).jpg|height=120,attachmentsBirds-of-Prey-of-the-Indian-Subcontinent-(ID-Guide).jpgheight=120,False
Birds of Prey of the Indian Subcontinent (ID Guide),Birds-of-Prey-of-the-Indian-Subcontinent-(ID-Guide),True
attachments/Life-of-Pi.jpg|height=120,attachmentsLife-of-Pi.jpgheight=120,False
Life of Pi,Life-of-Pi,True
attachments/Paperbound-Version-of-Text-for-Biology-Concepts-and-Applications.jpg|height=120,attachmentsPaperbound-Version-of-Text-for-Biology-Concepts-and-Applications.jpgheight=120,False
Paperbound Version of Text for Biology: Concepts and Applications,Paperbound-Version-of-Text-for-Biology-Concepts-and-Applications,True
attachments/Love-in-the-Time-of-Cholera.jpg|height=120,attachmentsLove-in-the-Time-of-Cholera.jpgheight=120,False
Love in the Time of Cholera,Love-in-the-Time-of-Cholera,True
"attachments/God-Hates-You,-Hate-Him-Back-Making-Sense-of-the-Bible.jpg|height=120","attachmentsGod-Hates-You,-Hate-Him-Back-Making-Sense-of-the-Bible.jpgheight=120",False
"God Hates You, Hate Him Back: Making Sense of the Bible","God-Hates-You,-Hate-Him-Back-Making-Sense-of-the-Bible",True
attachments/Rachel-Carson-The-Writer-at-Work.jpg|height=120,attachmentsRachel-Carson-The-Writer-at-Work.jpgheight=120,False
Rachel Carson: The Writer at Work,Rachel-Carson-The-Writer-at-Work,True
attachments/Dazzled-and-Deceived-Mimicry-and-Camouflage.jpg|height=120,attachmentsDazzled-and-Deceived-Mimicry-and-Camouflage.jpgheight=120,False
Dazzled and Deceived: Mimicry and Camouflage,Dazzled-and-Deceived-Mimicry-and-Camouflage,True
attachments/The-Hitchhiker's-Guide-to-the-Galaxy.jpg|height=120,attachmentsThe-Hitchhiker's-Guide-to-the-Galaxy.jpgheight=120,False
The Hitchhiker's Guide to the Galaxy,The-Hitchhiker's-Guide-to-the-Galaxy,True
attachments/Birds-of-Europe.jpg|height=120,attachmentsBirds-of-Europe.jpgheight=120,False
Birds of Europe,Birds-of-Europe,True
attachments/Three-Horsemen-of-the-New-Apocalypse-(Oxford-India-Paperbacks).jpg|height=120,attachmentsThree-Horsemen-of-the-New-Apocalypse-(Oxford-India-Paperbacks).jpgheight=120,False
Three Horsemen of the New Apocalypse (Oxford India Paperbacks),Three-Horsemen-of-the-New-Apocalypse-(Oxford-India-Paperbacks),True
attachments/Common-Indian-Wild-Flowers.jpg|height=120,attachmentsCommon-Indian-Wild-Flowers.jpgheight=120,False
Common Indian Wild Flowers,Common-Indian-Wild-Flowers,True
attachments/PHP-5.1-for-Beginners-(BookCD-Rom).jpg|height=120,attachmentsPHP-5.1-for-Beginners-(BookCD-Rom).jpgheight=120,False
PHP 5.1 for Beginners (Book/CD-Rom),PHP-5.1-for-Beginners-(BookCD-Rom),True
attachments/Inkscape-Guide-to-a-Vector-Drawing-Program-(SourceForge-Community-Press).jpg|height=120,attachmentsInkscape-Guide-to-a-Vector-Drawing-Program-(SourceForge-Community-Press).jpgheight=120,False
Inkscape: Guide to a Vector Drawing Program (SourceForge Community Press),Inkscape-Guide-to-a-Vector-Drawing-Program-(SourceForge-Community-Press),True
attachments/Becoming-a-Master-Manager-A-Competency-Framework.jpg|height=120,attachmentsBecoming-a-Master-Manager-A-Competency-Framework.jpgheight=120,False
Becoming a Master Manager: A Competency Framework,Becoming-a-Master-Manager-A-Competency-Framework,True
"attachments/A-Photographic-Guide-to-the-Birds-of-India-And-the-Indian-Subcontinent,-Including-Pakistan,-Nepal,-Bhutan,-Bangladesh,-Sri-Lanka,-and-the-Maldives-(Princeton-Field-Guides).jpg|height=120","attachmentsA-Photographic-Guide-to-the-Birds-of-India-And-the-Indian-Subcontinent,-Including-Pakistan,-Nepal,-Bhutan,-Bangladesh,-Sri-Lanka,-and-the-Maldives-(Princeton-Field-Guides).jpgheight=120",False
"A Photographic Guide to the Birds of India: And the Indian Subcontinent, Including Pakistan, Nepal, Bhutan, Bangladesh, Sri Lanka, and the Maldives (Princeton Field Guides)","A-Photographic-Guide-to-the-Birds-of-India-And-the-Indian-Subcontinent,-Including-Pakistan,-Nepal,-Bhutan,-Bangladesh,-Sri-Lanka,-and-the-Maldives-(Princeton-Field-Guides)",True
attachments/Birds-of-Southern-India.jpg|height=120,attachmentsBirds-of-Southern-India.jpgheight=120,False
Birds of Southern India,Birds-of-Southern-India,True
attachments/The-Book-of-Indian-Birds.jpg|height=120,attachmentsThe-Book-of-Indian-Birds.jpgheight=120,False
The Book of Indian Birds,The-Book-of-Indian-Birds,True
attachments/Pocket-Guide-to-Birds-of-the-Indian-Subcontinent.jpg|height=120,attachmentsPocket-Guide-to-Birds-of-the-Indian-Subcontinent.jpgheight=120,False
Pocket Guide to Birds of the Indian Subcontinent,Pocket-Guide-to-Birds-of-the-Indian-Subcontinent,True
attachments/A-Pictorial-Guide-to-the-Birds-of-the-Indian-Subcontinent.jpg|height=120,attachmentsA-Pictorial-Guide-to-the-Birds-of-the-Indian-Subcontinent.jpgheight=120,False
A Pictorial Guide to the Birds of the Indian Subcontinent,A-Pictorial-Guide-to-the-Birds-of-the-Indian-Subcontinent,True
attachments/A-Field-Guide-to-the-Birds-of-the-Indian-Subcontinent.jpg|height=120,attachmentsA-Field-Guide-to-the-Birds-of-the-Indian-Subcontinent.jpgheight=120,False
A Field Guide to the Birds of the Indian Subcontinent,A-Field-Guide-to-the-Birds-of-the-Indian-Subcontinent,True
attachments/A-Birdwatchers'-Guide-to-India.jpg|height=120,attachmentsA-Birdwatchers'-Guide-to-India.jpgheight=120,False
A Birdwatchers' Guide to India,A-Birdwatchers'-Guide-to-India,True
"attachments/Photographic-Guide-to-Birds-of-India-and-Nepal-Also-Bangladesh,-Pakistan,-Sri-Lanka.jpg|height=120","attachmentsPhotographic-Guide-to-Birds-of-India-and-Nepal-Also-Bangladesh,-Pakistan,-Sri-Lanka.jpgheight=120",False
"Photographic Guide to Birds of India and Nepal: Also Bangladesh, Pakistan, Sri Lanka","Photographic-Guide-to-Birds-of-India-and-Nepal-Also-Bangladesh,-Pakistan,-Sri-Lanka",True
"attachments/Collins-Handguide-to-the-Birds-of-the-Indian-Sub-Continent-Including-India,-Pakistan,-Bangladesh,-Sir-Landa-&-Nepal.jpg|height=120","attachmentsCollins-Handguide-to-the-Birds-of-the-Indian-Sub-Continent-Including-India,-Pakistan,-Bangladesh,-Sir-Landa-&-Nepal.jpgheight=120",False
"Collins Handguide to the Birds of the Indian Sub Continent: Including India, Pakistan, Bangladesh, Sir Landa & Nepal","Collins-Handguide-to-the-Birds-of-the-Indian-Sub-Continent-Including-India,-Pakistan,-Bangladesh,-Sir-Landa-&-Nepal",True
"attachments/Wild-Animals-of-India,-Burma,-Malaya-and-Tibet.jpg|height=120","attachmentsWild-Animals-of-India,-Burma,-Malaya-and-Tibet.jpgheight=120",False
"Wild Animals of India, Burma, Malaya and Tibet","Wild-Animals-of-India,-Burma,-Malaya-and-Tibet",True
attachments/Statistics-in-a-Nutshell-A-Desktop-Quick-Reference-(In-a-Nutshell-(O'Reilly)).jpg|height=120,attachmentsStatistics-in-a-Nutshell-A-Desktop-Quick-Reference-(In-a-Nutshell-(O'Reilly)).jpgheight=120,False
Statistics in a Nutshell: A Desktop Quick Reference (In a Nutshell (O'Reilly)),Statistics-in-a-Nutshell-A-Desktop-Quick-Reference-(In-a-Nutshell-(O'Reilly)),True
attachments/Bird-Encyclopedia.jpg|height=120,attachmentsBird-Encyclopedia.jpgheight=120,False
Bird Encyclopedia,Bird-Encyclopedia,True
attachments/A-Pocket-Guide-to-Insects.jpg|height=120,attachmentsA-Pocket-Guide-to-Insects.jpgheight=120,False
A Pocket Guide to Insects,A-Pocket-Guide-to-Insects,True
attachments/The-Book-of-Indian-Animals.jpg|height=120,attachmentsThe-Book-of-Indian-Animals.jpgheight=120,False
The Book of Indian Animals,The-Book-of-Indian-Animals,True
attachments/Protected-Areas-In-India-A-Profile.jpg|height=120,attachmentsProtected-Areas-In-India-A-Profile.jpgheight=120,False
Protected Areas In India: A Profile,Protected-Areas-In-India-A-Profile,True
attachments/Common-Trees-(India---The-land-and-the-people).jpg|height=120,attachmentsCommon-Trees-(India---The-land-and-the-people).jpgheight=120,False
Common Trees (India - The land and the people),Common-Trees-(India---The-land-and-the-people),True
attachments/Invertebrate-Zoology.jpg|height=120,attachmentsInvertebrate-Zoology.jpgheight=120,False
Invertebrate Zoology,Invertebrate-Zoology,True
attachments/Core-Python-Programming.jpg|height=120,attachmentsCore-Python-Programming.jpgheight=120,False
Core Python Programming,Core-Python-Programming,True
attachments/Sociobiology-The-New-Synthesis.jpg|height=120,attachmentsSociobiology-The-New-Synthesis.jpgheight=120,False
Sociobiology: The New Synthesis,Sociobiology-The-New-Synthesis,True
attachments/The-New-Penguin-History-of-the-World.jpg|height=120,attachmentsThe-New-Penguin-History-of-the-World.jpgheight=120,False
The New Penguin History of the World,The-New-Penguin-History-of-the-World,True
attachments/The-Complete-Encyclopedia-of-Fossils.jpg|height=120,attachmentsThe-Complete-Encyclopedia-of-Fossils.jpgheight=120,False
The Complete Encyclopedia of Fossils,The-Complete-Encyclopedia-of-Fossils,True
"attachments/Handbook-of-the-Birds-of-India-and-Pakistan-Together-with-Those-of-Bangladesh,-Nepal,-Sikkim,-Bhutan-and-Sri-Lanka-Volume-8-Warblers-to-Redstarts.jpg|height=120","attachmentsHandbook-of-the-Birds-of-India-and-Pakistan-Together-with-Those-of-Bangladesh,-Nepal,-Sikkim,-Bhutan-and-Sri-Lanka-Volume-8-Warblers-to-Redstarts.jpgheight=120",False
"Handbook of the Birds of India and Pakistan: Together with Those of Bangladesh, Nepal, Sikkim, Bhutan and Sri Lanka: Volume 8: Warblers to Redstarts","Handbook-of-the-Birds-of-India-and-Pakistan-Together-with-Those-of-Bangladesh,-Nepal,-Sikkim,-Bhutan-and-Sri-Lanka-Volume-8-Warblers-to-Redstarts",True
attachments/Spiders-of-India.jpg|height=120,attachmentsSpiders-of-India.jpgheight=120,False
Spiders of India,Spiders-of-India,True
"attachments/A-Devil's-Chaplain-Reflections-on-Hope,-Lies,-Science-and-Love.jpg|height=120","attachmentsA-Devil's-Chaplain-Reflections-on-Hope,-Lies,-Science-and-Love.jpgheight=120",False
"A Devil's Chaplain: Reflections on Hope, Lies, Science and Love","A-Devil's-Chaplain-Reflections-on-Hope,-Lies,-Science-and-Love",True
attachments/A-Tolkien-Bestiary.jpg|height=120,attachmentsA-Tolkien-Bestiary.jpgheight=120,False
A Tolkien Bestiary,A-Tolkien-Bestiary,True
attachments/God-Created-the-Integers-The-Mathematical-Breakthroughs-That-Changed-History.jpg|height=120,attachmentsGod-Created-the-Integers-The-Mathematical-Breakthroughs-That-Changed-History.jpgheight=120,False
God Created the Integers: The Mathematical Breakthroughs That Changed History,God-Created-the-Integers-The-Mathematical-Breakthroughs-That-Changed-History,True
attachments/The-Men-Who-Ruled-India.jpg|height=120,attachmentsThe-Men-Who-Ruled-India.jpgheight=120,False
The Men Who Ruled India,The-Men-Who-Ruled-India,True
attachments/The-Hindus-An-Alternative-History.jpg|height=120,attachmentsThe-Hindus-An-Alternative-History.jpgheight=120,False
The Hindus: An Alternative History,The-Hindus-An-Alternative-History,True
attachments/A-History-of-Christianity-The-First-Three-Thousand-Years.jpg|height=120,attachmentsA-History-of-Christianity-The-First-Three-Thousand-Years.jpgheight=120,False
A History of Christianity: The First Three Thousand Years,A-History-of-Christianity-The-First-Three-Thousand-Years,True
attachments/Wildlife-of-Britain-and-Europe-(Kingfisher-Field-Guides).jpg|height=120,attachmentsWildlife-of-Britain-and-Europe-(Kingfisher-Field-Guides).jpgheight=120,False
Wildlife of Britain and Europe (Kingfisher Field Guides),Wildlife-of-Britain-and-Europe-(Kingfisher-Field-Guides),True
attachments/Uncommon-Wisdom-Conversations-With-Remarkable-People.jpg|height=120,attachmentsUncommon-Wisdom-Conversations-With-Remarkable-People.jpgheight=120,False
Uncommon Wisdom : Conversations With Remarkable People,Uncommon-Wisdom-Conversations-With-Remarkable-People,True
attachments/IndiaX92S-Wildlife-History-An-Introduction.jpg|height=120,attachmentsIndiaX92S-Wildlife-History-An-Introduction.jpgheight=120,False
IndiaX92S Wildlife History: An Introduction,IndiaX92S-Wildlife-History-An-Introduction,True
attachments/The-Greatest-Show-on-Earth-The-Evidence-for-Evolution.jpg|height=120,attachmentsThe-Greatest-Show-on-Earth-The-Evidence-for-Evolution.jpgheight=120,False
The Greatest Show on Earth: The Evidence for Evolution,The-Greatest-Show-on-Earth-The-Evidence-for-Evolution,True
attachments/Battles-Over-Nature-Science-and-the-Politics-of-Conversation.jpg|height=120,attachmentsBattles-Over-Nature-Science-and-the-Politics-of-Conversation.jpgheight=120,False
Battles Over Nature: Science and the Politics of Conversation,Battles-Over-Nature-Science-and-the-Politics-of-Conversation,True
attachments/Linux-Desk-Reference-(Open-Source-Technology-Series).jpg|height=120,attachmentsLinux-Desk-Reference-(Open-Source-Technology-Series).jpgheight=120,False
Linux Desk Reference (Open Source Technology Series),Linux-Desk-Reference-(Open-Source-Technology-Series),True
attachments/The-Planetary-Interest.jpg|height=120,attachmentsThe-Planetary-Interest.jpgheight=120,False
The Planetary Interest,The-Planetary-Interest,True
attachments/Studying-the-Organisation-and-Delivery-of-Health-Services.jpg|height=120,attachmentsStudying-the-Organisation-and-Delivery-of-Health-Services.jpgheight=120,False
Studying the Organisation and Delivery of Health Services,Studying-the-Organisation-and-Delivery-of-Health-Services,True
attachments/The-Moral-Landscape-How-Science-Can-Determine-Human-Values.jpg|height=120,attachmentsThe-Moral-Landscape-How-Science-Can-Determine-Human-Values.jpgheight=120,False
The Moral Landscape: How Science Can Determine Human Values,The-Moral-Landscape-How-Science-Can-Determine-Human-Values,True
attachments/The-Trial-of-Henry-Kissinger.jpg|height=120,attachmentsThe-Trial-of-Henry-Kissinger.jpgheight=120,False
The Trial of Henry Kissinger,The-Trial-of-Henry-Kissinger,True
attachments/Why-Orwell-Matters.jpg|height=120,attachmentsWhy-Orwell-Matters.jpgheight=120,False
Why Orwell Matters,Why-Orwell-Matters,True
attachments/The-Missionary-Position-Mother-Teresa-in-Theory-and-Practice.jpg|height=120,attachmentsThe-Missionary-Position-Mother-Teresa-in-Theory-and-Practice.jpgheight=120,False
The Missionary Position: Mother Teresa in Theory and Practice,The-Missionary-Position-Mother-Teresa-in-Theory-and-Practice,True
attachments/The-Portable-Atheist-Essential-Readings-for-the-Nonbeliever.jpg|height=120,attachmentsThe-Portable-Atheist-Essential-Readings-for-the-Nonbeliever.jpgheight=120,False
The Portable Atheist: Essential Readings for the Nonbeliever,The-Portable-Atheist-Essential-Readings-for-the-Nonbeliever,True
attachments/God-Is-Not-Great-How-Religion-Poisons-Everything.jpg|height=120,attachmentsGod-Is-Not-Great-How-Religion-Poisons-Everything.jpgheight=120,False
God Is Not Great: How Religion Poisons Everything,God-Is-Not-Great-How-Religion-Poisons-Everything,True
attachments/The-Mission-Song.jpg|height=120,attachmentsThe-Mission-Song.jpgheight=120,False
The Mission Song,The-Mission-Song,True
attachments/Hocus-Pocus.jpg|height=120,attachmentsHocus-Pocus.jpgheight=120,False
Hocus Pocus,Hocus-Pocus,True
attachments/The-Age-of-Empathy-Nature's-Lessons-for-a-Kinder-Society.jpg|height=120,attachmentsThe-Age-of-Empathy-Nature's-Lessons-for-a-Kinder-Society.jpgheight=120,False
The Age of Empathy: Nature's Lessons for a Kinder Society,The-Age-of-Empathy-Nature's-Lessons-for-a-Kinder-Society,True
attachments/The-Nehrus-and-the-Gandhis-An-Indian-Dynasty.jpg|height=120,attachmentsThe-Nehrus-and-the-Gandhis-An-Indian-Dynasty.jpgheight=120,False
The Nehrus and the Gandhis : An Indian Dynasty,The-Nehrus-and-the-Gandhis-An-Indian-Dynasty,True
"attachments/Harry-Potter-and-the-Chamber-of-Secrets-(Harry-Potter,-#2).jpg|height=120","attachmentsHarry-Potter-and-the-Chamber-of-Secrets-(Harry-Potter,-#2).jpgheight=120",False
"Harry Potter and the Chamber of Secrets (Harry Potter, #2)","Harry-Potter-and-the-Chamber-of-Secrets-(Harry-Potter,-#2)",True
"attachments/Harry-Potter-and-the-Sorcerer's-Stone-(Harry-Potter,-#1).jpg|height=120","attachmentsHarry-Potter-and-the-Sorcerer's-Stone-(Harry-Potter,-#1).jpgheight=120",False
"Harry Potter and the Sorcerer's Stone (Harry Potter, #1)","Harry-Potter-and-the-Sorcerer's-Stone-(Harry-Potter,-#1)",True
attachments/Tell-Me-Your-Dreams.jpg|height=120,attachmentsTell-Me-Your-Dreams.jpgheight=120,False
Tell Me Your Dreams,Tell-Me-Your-Dreams,True
attachments/Confessions-of-an-Economic-Hit-Man.jpg|height=120,attachmentsConfessions-of-an-Economic-Hit-Man.jpgheight=120,False
Confessions of an Economic Hit Man,Confessions-of-an-Economic-Hit-Man,True
attachments/The-Shock-Doctrine-The-Rise-of-Disaster-Capitalism.jpg|height=120,attachmentsThe-Shock-Doctrine-The-Rise-of-Disaster-Capitalism.jpgheight=120,False
The Shock Doctrine: The Rise of Disaster Capitalism,The-Shock-Doctrine-The-Rise-of-Disaster-Capitalism,True
attachments/Better.jpg|height=120,attachmentsBetter.jpgheight=120,False
Better,Better,True
attachments/Cannabis-A-History.jpg|height=120,attachmentsCannabis-A-History.jpgheight=120,False
Cannabis: A History,Cannabis-A-History,True
attachments/Ecology-Principles-and-Applications.jpg|height=120,attachmentsEcology-Principles-and-Applications.jpgheight=120,False
Ecology: Principles and Applications,Ecology-Principles-and-Applications,True
attachments/Laughing-Gas.jpg|height=120,attachmentsLaughing-Gas.jpgheight=120,False
Laughing Gas,Laughing-Gas,True
attachments/The-Bedside-Book-of-Birds-An-Avian-Miscellany.jpg|height=120,attachmentsThe-Bedside-Book-of-Birds-An-Avian-Miscellany.jpgheight=120,False
The Bedside Book of Birds: An Avian Miscellany,The-Bedside-Book-of-Birds-An-Avian-Miscellany,True
"attachments/Group-Theory-in-the-Bedroom,-and-Other-Mathematical-Diversions.jpg|height=120","attachmentsGroup-Theory-in-the-Bedroom,-and-Other-Mathematical-Diversions.jpgheight=120",False
"Group Theory in the Bedroom, and Other Mathematical Diversions","Group-Theory-in-the-Bedroom,-and-Other-Mathematical-Diversions",True
attachments/Greate-Masters-of-Cranatic-Music-(1930-1965).jpg|height=120,attachmentsGreate-Masters-of-Cranatic-Music-(1930-1965).jpgheight=120,False
Greate Masters of Cranatic Music (1930-1965),Greate-Masters-of-Cranatic-Music-(1930-1965),True
attachments/50-Philosophy-Ideas-You-Really-Need-to-Know.jpg|height=120,attachments50-Philosophy-Ideas-You-Really-Need-to-Know.jpgheight=120,False
50 Philosophy Ideas You Really Need to Know,50-Philosophy-Ideas-You-Really-Need-to-Know,True
attachments/The-Other-Side-of-Midnight-(Midnight-#1).jpg|height=120,attachmentsThe-Other-Side-of-Midnight-(Midnight-#1).jpgheight=120,False
The Other Side of Midnight (Midnight #1),The-Other-Side-of-Midnight-(Midnight-#1),True
"attachments/Flight-714-to-Sydney-(Tintin,-#22).jpg|height=120","attachmentsFlight-714-to-Sydney-(Tintin,-#22).jpgheight=120",False
"Flight 714 to Sydney (Tintin, #22)","Flight-714-to-Sydney-(Tintin,-#22)",True
attachments/The-Castafiore-Emerald-(Tintin-#21).jpg|height=120,attachmentsThe-Castafiore-Emerald-(Tintin-#21).jpgheight=120,False
The Castafiore Emerald (Tintin #21),The-Castafiore-Emerald-(Tintin-#21),True
attachments/Land-of-Black-Gold-(Tintin-#15).jpg|height=120,attachmentsLand-of-Black-Gold-(Tintin-#15).jpgheight=120,False
Land of Black Gold (Tintin #15),Land-of-Black-Gold-(Tintin-#15),True
attachments/King-Ottokar's-Sceptre-(Tintin-#8).jpg|height=120,attachmentsKing-Ottokar's-Sceptre-(Tintin-#8).jpgheight=120,False
King Ottokar's Sceptre (Tintin #8),King-Ottokar's-Sceptre-(Tintin-#8),True
attachments/Tintin-in-America-(Tintin-#3).jpg|height=120,attachmentsTintin-in-America-(Tintin-#3).jpgheight=120,False
Tintin in America (Tintin #3),Tintin-in-America-(Tintin-#3),True
attachments/Tintin-and-the-Lake-of-Sharks.jpg|height=120,attachmentsTintin-and-the-Lake-of-Sharks.jpgheight=120,False
Tintin and the Lake of Sharks,Tintin-and-the-Lake-of-Sharks,True
"attachments/Love-Story-(Love-Story,-#1).jpg|height=120","attachmentsLove-Story-(Love-Story,-#1).jpgheight=120",False
"Love Story (Love Story, #1)","Love-Story-(Love-Story,-#1)",True
attachments/Doctors.jpg|height=120,attachmentsDoctors.jpgheight=120,False
Doctors,Doctors,True
attachments/Life-Cycles-Reflections-of-an-Evolutionary-Biologist.jpg|height=120,attachmentsLife-Cycles-Reflections-of-an-Evolutionary-Biologist.jpgheight=120,False
Life Cycles: Reflections of an Evolutionary Biologist,Life-Cycles-Reflections-of-an-Evolutionary-Biologist,True
attachments/Failed-States-The-Abuse-of-Power-and-the-Assault-on-Democracy.jpg|height=120,attachmentsFailed-States-The-Abuse-of-Power-and-the-Assault-on-Democracy.jpgheight=120,False
Failed States: The Abuse of Power and the Assault on Democracy,Failed-States-The-Abuse-of-Power-and-the-Assault-on-Democracy,True
"attachments/English,-August-An-Indian-Story.jpg|height=120","attachmentsEnglish,-August-An-Indian-Story.jpgheight=120",False
"English, August: An Indian Story","English,-August-An-Indian-Story",True
attachments/Animal-Farm.jpg|height=120,attachmentsAnimal-Farm.jpgheight=120,False
Animal Farm,Animal-Farm,True
attachments/The-Black-Island-(Tintin-#7).jpg|height=120,attachmentsThe-Black-Island-(Tintin-#7).jpgheight=120,False
The Black Island (Tintin #7),The-Black-Island-(Tintin-#7),True
attachments/Red-Rackham's-Treasure-(Tintin-#12).jpg|height=120,attachmentsRed-Rackham's-Treasure-(Tintin-#12).jpgheight=120,False
Red Rackham's Treasure (Tintin #12),Red-Rackham's-Treasure-(Tintin-#12),True
attachments/The-Crab-With-the-Golden-Claws-(Tintin-#9).jpg|height=120,attachmentsThe-Crab-With-the-Golden-Claws-(Tintin-#9).jpgheight=120,False
The Crab With the Golden Claws (Tintin #9),The-Crab-With-the-Golden-Claws-(Tintin-#9),True
attachments/The-Secret-of-the-Unicorn-(Tintin-#11).jpg|height=120,attachmentsThe-Secret-of-the-Unicorn-(Tintin-#11).jpgheight=120,False
The Secret of the Unicorn (Tintin #11),The-Secret-of-the-Unicorn-(Tintin-#11),True
attachments/The-Seven-Crystal-Balls-(Tintin-#13).jpg|height=120,attachmentsThe-Seven-Crystal-Balls-(Tintin-#13).jpgheight=120,False
The Seven Crystal Balls (Tintin #13),The-Seven-Crystal-Balls-(Tintin-#13),True
attachments/Cigars-of-the-Pharaoh-(Tintin-#4).jpg|height=120,attachmentsCigars-of-the-Pharaoh-(Tintin-#4).jpgheight=120,False
Cigars of the Pharaoh (Tintin #4),Cigars-of-the-Pharaoh-(Tintin-#4),True
attachments/Tintin-in-Tibet-(Tintin-#20).jpg|height=120,attachmentsTintin-in-Tibet-(Tintin-#20).jpgheight=120,False
Tintin in Tibet (Tintin #20),Tintin-in-Tibet-(Tintin-#20),True
"attachments/Asterix-and-the-Cauldron-(Asterix,-#13).jpg|height=120","attachmentsAsterix-and-the-Cauldron-(Asterix,-#13).jpgheight=120",False
"Asterix and the Cauldron (Asterix, #13)","Asterix-and-the-Cauldron-(Asterix,-#13)",True
"attachments/Asterix-and-the-Goths-(Asterix,-#3).jpg|height=120","attachmentsAsterix-and-the-Goths-(Asterix,-#3).jpgheight=120",False
"Asterix and the Goths (Asterix, #3)","Asterix-and-the-Goths-(Asterix,-#3)",True
"attachments/Asterix-and-the-Normans-(Asterix,-#9).jpg|height=120","attachmentsAsterix-and-the-Normans-(Asterix,-#9).jpgheight=120",False
"Asterix and the Normans (Asterix, #9)","Asterix-and-the-Normans-(Asterix,-#9)",True
"attachments/Obelix-and-Co.-(Asterix,-#23).jpg|height=120","attachmentsObelix-and-Co.-(Asterix,-#23).jpgheight=120",False
"Obelix and Co. (Asterix, #23)","Obelix-and-Co.-(Asterix,-#23)",True
attachments/Asterix-and-Caesar's-Gift-(Astérix-#21).jpg|height=120,attachmentsAsterix-and-Caesar's-Gift-(Astérix-#21).jpgheight=120,False
Asterix and Caesar's Gift (Astérix #21),Asterix-and-Caesar's-Gift-(Astérix-#21),True
attachments/The-Broker.jpg|height=120,attachmentsThe-Broker.jpgheight=120,False
The Broker,The-Broker,True
attachments/The-Brethren.jpg|height=120,attachmentsThe-Brethren.jpgheight=120,False
The Brethren,The-Brethren,True
attachments/The-Partner.jpg|height=120,attachmentsThe-Partner.jpgheight=120,False
The Partner,The-Partner,True
attachments/The-Testament.jpg|height=120,attachmentsThe-Testament.jpgheight=120,False
The Testament,The-Testament,True
attachments/The-Chamber.jpg|height=120,attachmentsThe-Chamber.jpgheight=120,False
The Chamber,The-Chamber,True
attachments/The-Rainmaker.jpg|height=120,attachmentsThe-Rainmaker.jpgheight=120,False
The Rainmaker,The-Rainmaker,True
attachments/The-Runaway-Jury.jpg|height=120,attachmentsThe-Runaway-Jury.jpgheight=120,False
The Runaway Jury,The-Runaway-Jury,True
attachments/The-Pelican-Brief.jpg|height=120,attachmentsThe-Pelican-Brief.jpgheight=120,False
The Pelican Brief,The-Pelican-Brief,True
attachments/The-Client.jpg|height=120,attachmentsThe-Client.jpgheight=120,False
The Client,The-Client,True
attachments/The-Firm.jpg|height=120,attachmentsThe-Firm.jpgheight=120,False
The Firm,The-Firm,True
"attachments/A-Time-to-Kill-(Jake-Brigance,-#1).jpg|height=120","attachmentsA-Time-to-Kill-(Jake-Brigance,-#1).jpgheight=120",False
"A Time to Kill (Jake Brigance, #1)","A-Time-to-Kill-(Jake-Brigance,-#1)",True
attachments/India-After-Gandhi-The-History-of-the-World's-Largest-Democracy.jpg|height=120,attachmentsIndia-After-Gandhi-The-History-of-the-World's-Largest-Democracy.jpgheight=120,False
India After Gandhi: The History of the World's Largest Democracy,India-After-Gandhi-The-History-of-the-World's-Largest-Democracy,True
attachments/Ford-County.jpg|height=120,attachmentsFord-County.jpgheight=120,False
Ford County,Ford-County,True
"attachments/Ecology,-Climate-and-Empire-Colonialism-and-Global-Environmental-History,-1400-1940.jpg|height=120","attachmentsEcology,-Climate-and-Empire-Colonialism-and-Global-Environmental-History,-1400-1940.jpgheight=120",False
"Ecology, Climate and Empire: Colonialism and Global Environmental History, 1400-1940","Ecology,-Climate-and-Empire-Colonialism-and-Global-Environmental-History,-1400-1940",True
attachments/Where-Worlds-Collide-The-Wallace-Line.jpg|height=120,attachmentsWhere-Worlds-Collide-The-Wallace-Line.jpgheight=120,False
Where Worlds Collide: The Wallace Line,Where-Worlds-Collide-The-Wallace-Line,True
attachments/India-Unbound-The-Social-and-Economic-Revolution-from-Independence-to-the-Global-Information-Age.jpg|height=120,attachmentsIndia-Unbound-The-Social-and-Economic-Revolution-from-Independence-to-the-Global-Information-Age.jpgheight=120,False
India Unbound: The Social and Economic Revolution from Independence to the Global Information Age,India-Unbound-The-Social-and-Economic-Revolution-from-Independence-to-the-Global-Information-Age,True
attachments/Foucault's-Pendulum.jpg|height=120,attachmentsFoucault's-Pendulum.jpgheight=120,False
Foucault's Pendulum,Foucault's-Pendulum,True
attachments/Peoplewatching-The-Desmond-Morris-Guide-to-Body-Language.jpg|height=120,attachmentsPeoplewatching-The-Desmond-Morris-Guide-to-Body-Language.jpgheight=120,False
Peoplewatching: The Desmond Morris Guide to Body Language,Peoplewatching-The-Desmond-Morris-Guide-to-Body-Language,True
attachments/The-Appeal.jpg|height=120,attachmentsThe-Appeal.jpgheight=120,False
The Appeal,The-Appeal,True
attachments/Ageing-and-Health-in-India.jpg|height=120,attachmentsAgeing-and-Health-in-India.jpgheight=120,False
Ageing and Health in India,Ageing-and-Health-in-India,True
attachments/Disease-and-Medicine-in-India-A-Historical-Overview.jpg|height=120,attachmentsDisease-and-Medicine-in-India-A-Historical-Overview.jpgheight=120,False
Disease and Medicine in India: A Historical Overview,Disease-and-Medicine-in-India-A-Historical-Overview,True
"attachments/The-Large,-the-Small-and-the-Human-Mind.jpg|height=120","attachmentsThe-Large,-the-Small-and-the-Human-Mind.jpgheight=120",False
"The Large, the Small and the Human Mind","The-Large,-the-Small-and-the-Human-Mind",True
attachments/A-Cultural-History-of-India.jpg|height=120,attachmentsA-Cultural-History-of-India.jpgheight=120,False
A Cultural History of India,A-Cultural-History-of-India,True
attachments/The-Tao-of-Physics-An-Exploration-of-the-Parallels-between-Modern-Physics-and-Eastern-Mysticism.jpg|height=120,attachmentsThe-Tao-of-Physics-An-Exploration-of-the-Parallels-between-Modern-Physics-and-Eastern-Mysticism.jpgheight=120,False
The Tao of Physics: An Exploration of the Parallels between Modern Physics and Eastern Mysticism,The-Tao-of-Physics-An-Exploration-of-the-Parallels-between-Modern-Physics-and-Eastern-Mysticism,True
attachments/The-Origin-of-Species.jpg|height=120,attachmentsThe-Origin-of-Species.jpgheight=120,False
The Origin of Species,The-Origin-of-Species,True
attachments/Wikinomics-How-Mass-Collaboration-Changes-Everything.jpg|height=120,attachmentsWikinomics-How-Mass-Collaboration-Changes-Everything.jpgheight=120,False
Wikinomics: How Mass Collaboration Changes Everything,Wikinomics-How-Mass-Collaboration-Changes-Everything,True
attachments/And-Thereby-Hangs-a-Tale.jpg|height=120,attachmentsAnd-Thereby-Hangs-a-Tale.jpgheight=120,False
And Thereby Hangs a Tale,And-Thereby-Hangs-a-Tale,True
"attachments/Asterix-Omnibus,-vol.-10-(Asterix,-#28-30).jpg|height=120","attachmentsAsterix-Omnibus,-vol.-10-(Asterix,-#28-30).jpgheight=120",False
"Asterix Omnibus, vol. 10 (Asterix, #28-30)","Asterix-Omnibus,-vol.-10-(Asterix,-#28-30)",True
attachments/A-Short-History-of-Nearly-Everything.jpg|height=120,attachmentsA-Short-History-of-Nearly-Everything.jpgheight=120,False
A Short History of Nearly Everything,A-Short-History-of-Nearly-Everything,True
attachments/The-Old-Man-and-the-Sea.jpg|height=120,attachmentsThe-Old-Man-and-the-Sea.jpgheight=120,False
The Old Man and the Sea,The-Old-Man-and-the-Sea,True
attachments/On-Language.jpg|height=120,attachmentsOn-Language.jpgheight=120,False
On Language,On-Language,True
attachments/The-Blind-Watchmaker-Why-the-Evidence-of-Evolution-Reveals-a-Universe-Without-Design.jpg|height=120,attachmentsThe-Blind-Watchmaker-Why-the-Evidence-of-Evolution-Reveals-a-Universe-Without-Design.jpgheight=120,False
The Blind Watchmaker: Why the Evidence of Evolution Reveals a Universe Without Design,The-Blind-Watchmaker-Why-the-Evidence-of-Evolution-Reveals-a-Universe-Without-Design,True
attachments/Phylogenetic-patterns-and-the-evolutionary-process-Method-and-theory-in-comparative-biology.jpg|height=120,attachmentsPhylogenetic-patterns-and-the-evolutionary-process-Method-and-theory-in-comparative-biology.jpgheight=120,False
Phylogenetic patterns and the evolutionary process: Method and theory in comparative biology,Phylogenetic-patterns-and-the-evolutionary-process-Method-and-theory-in-comparative-biology,True
attachments/The-Red-Queen-Sex-and-the-Evolution-of-Human-Nature.jpg|height=120,attachmentsThe-Red-Queen-Sex-and-the-Evolution-of-Human-Nature.jpgheight=120,False
The Red Queen: Sex and the Evolution of Human Nature,The-Red-Queen-Sex-and-the-Evolution-of-Human-Nature,True
attachments/Genome-The-Autobiography-of-a-Species-in-23-Chapters.jpg|height=120,attachmentsGenome-The-Autobiography-of-a-Species-in-23-Chapters.jpgheight=120,False
Genome: The Autobiography of a Species in 23 Chapters,Genome-The-Autobiography-of-a-Species-in-23-Chapters,True
attachments/An-Introduction-to-Behavioural-Ecology.jpg|height=120,attachmentsAn-Introduction-to-Behavioural-Ecology.jpgheight=120,False
An Introduction to Behavioural Ecology,An-Introduction-to-Behavioural-Ecology,True
attachments/Lives-in-the-Wilderness-Three-Classic-Indian-Autobiographies.-Jim-Corbett-My-India;-Verrier-Elwin-The-Tribal-World-of-Verrier-Elwin;-Sálim-Ali-The-Fall-of-a-Sparrow-(Oxford-India-Paperbacks).jpg|height=120,attachmentsLives-in-the-Wilderness-Three-Classic-Indian-Autobiographies.-Jim-Corbett-My-India;-Verrier-Elwin-The-Tribal-World-of-Verrier-Elwin;-Sálim-Ali-The-Fall-of-a-Sparrow-(Oxford-India-Paperbacks).jpgheight=120,False
Lives in the Wilderness: Three Classic Indian Autobiographies. Jim Corbett: My India; Verrier Elwin: The Tribal World of Verrier Elwin; Sálim Ali: The Fall of a Sparrow (Oxford India Paperbacks),Lives-in-the-Wilderness-Three-Classic-Indian-Autobiographies.-Jim-Corbett-My-India;-Verrier-Elwin-The-Tribal-World-of-Verrier-Elwin;-Sálim-Ali-The-Fall-of-a-Sparrow-(Oxford-India-Paperbacks),True
attachments/The-Dilbert-Future-Thriving-on-Business-Stupidity-in-the-21st-Century.jpg|height=120,attachmentsThe-Dilbert-Future-Thriving-on-Business-Stupidity-in-the-21st-Century.jpgheight=120,False
The Dilbert Future: Thriving on Business Stupidity in the 21st Century,The-Dilbert-Future-Thriving-on-Business-Stupidity-in-the-21st-Century,True
attachments/The-Dilbert-Principle-&-The-Dilbert-Future.jpg|height=120,attachmentsThe-Dilbert-Principle-&-The-Dilbert-Future.jpgheight=120,False
The Dilbert Principle & The Dilbert Future,The-Dilbert-Principle-&-The-Dilbert-Future,True
"attachments/The-Ultimate-Hitchhiker’s-Guide-to-the-Galaxy-(Hitchhiker's-Guide-to-the-Galaxy,-#1-5).jpg|height=120","attachmentsThe-Ultimate-Hitchhiker’s-Guide-to-the-Galaxy-(Hitchhiker's-Guide-to-the-Galaxy,-#1-5).jpgheight=120",False
"The Ultimate Hitchhiker’s Guide to the Galaxy (Hitchhiker's Guide to the Galaxy, #1-5)","The-Ultimate-Hitchhiker’s-Guide-to-the-Galaxy-(Hitchhiker's-Guide-to-the-Galaxy,-#1-5)",True
"attachments/The-Long-Dark-Tea-Time-of-the-Soul-(Dirk-Gently,-#2).jpg|height=120","attachmentsThe-Long-Dark-Tea-Time-of-the-Soul-(Dirk-Gently,-#2).jpgheight=120",False
"The Long Dark Tea-Time of the Soul (Dirk Gently, #2)","The-Long-Dark-Tea-Time-of-the-Soul-(Dirk-Gently,-#2)",True
attachments/Last-Chance-to-See.jpg|height=120,attachmentsLast-Chance-to-See.jpgheight=120,False
Last Chance to See,Last-Chance-to-See,True
attachments/Notes-to-Myself.jpg|height=120,attachmentsNotes-to-Myself.jpgheight=120,False
Notes to Myself,Notes-to-Myself,True
attachments/Jonathan-Livingston-Seagull.jpg|height=120,attachmentsJonathan-Livingston-Seagull.jpgheight=120,False
Jonathan Livingston Seagull,Jonathan-Livingston-Seagull,True
attachments/Illusions-The-Adventures-of-a-Reluctant-Messiah.jpg|height=120,attachmentsIllusions-The-Adventures-of-a-Reluctant-Messiah.jpgheight=120,False
Illusions: The Adventures of a Reluctant Messiah,Illusions-The-Adventures-of-a-Reluctant-Messiah,True
attachments/One-A-Novel.jpg|height=120,attachmentsOne-A-Novel.jpgheight=120,False
One: A Novel,One-A-Novel,True
attachments/The-Prophet-(A-Borzoi-Book).jpg|height=120,attachmentsThe-Prophet-(A-Borzoi-Book).jpgheight=120,False
The Prophet (A Borzoi Book),The-Prophet-(A-Borzoi-Book),True
attachments/In-Search-of-Schrödinger's-Cat-Quantum-Physics-and-Reality.jpg|height=120,attachmentsIn-Search-of-Schrödinger's-Cat-Quantum-Physics-and-Reality.jpgheight=120,False
In Search of Schrödinger's Cat: Quantum Physics and Reality,In-Search-of-Schrödinger's-Cat-Quantum-Physics-and-Reality,True
attachments/A-Brief-History-of-Time.jpg|height=120,attachmentsA-Brief-History-of-Time.jpgheight=120,False
A Brief History of Time,A-Brief-History-of-Time,True
attachments/Adventures-of-Huckleberry-Finn.jpg|height=120,attachmentsAdventures-of-Huckleberry-Finn.jpgheight=120,False
Adventures of Huckleberry Finn,Adventures-of-Huckleberry-Finn,True
"attachments/Vertebrates-Comparative-Anatomy,-Function,-Evolution.jpg|height=120","attachmentsVertebrates-Comparative-Anatomy,-Function,-Evolution.jpgheight=120",False
"Vertebrates: Comparative Anatomy, Function, Evolution","Vertebrates-Comparative-Anatomy,-Function,-Evolution",True
attachments/Petronia-Fifty-Years-of-Post-Independence-Ornithology-in-India-A-Centenary-Dedication-to-Dr.-Salim-Ali-1896-1996.jpg|height=120,attachmentsPetronia-Fifty-Years-of-Post-Independence-Ornithology-in-India-A-Centenary-Dedication-to-Dr.-Salim-Ali-1896-1996.jpgheight=120,False
Petronia: Fifty Years of Post-Independence Ornithology in India : A Centenary Dedication to Dr. Salim Ali 1896-1996,Petronia-Fifty-Years-of-Post-Independence-Ornithology-in-India-A-Centenary-Dedication-to-Dr.-Salim-Ali-1896-1996,True
"attachments/The-Hobbit,-or-There-and-Back-Again.jpg|height=120","attachmentsThe-Hobbit,-or-There-and-Back-Again.jpgheight=120",False
"The Hobbit, or There and Back Again","The-Hobbit,-or-There-and-Back-Again",True
attachments/The-Silmarillion.jpg|height=120,attachmentsThe-Silmarillion.jpgheight=120,False
The Silmarillion,The-Silmarillion,True
attachments/The-Lord-of-the-Rings.jpg|height=120,attachmentsThe-Lord-of-the-Rings.jpgheight=120,False
The Lord of the Rings,The-Lord-of-the-Rings,True
attachments/Unfinished-Tales.jpg|height=120,attachmentsUnfinished-Tales.jpgheight=120,False
Unfinished Tales,Unfinished-Tales,True
attachments/The-Catcher-in-the-Rye.jpg|height=120,attachmentsThe-Catcher-in-the-Rye.jpgheight=120,False
The Catcher in the Rye,The-Catcher-in-the-Rye,True
"attachments/Carry-On,-Jeeves-(Jeeves,-#3).jpg|height=120","attachmentsCarry-On,-Jeeves-(Jeeves,-#3).jpgheight=120",False
"Carry On, Jeeves (Jeeves, #3)","Carry-On,-Jeeves-(Jeeves,-#3)",True
"attachments/The-Inimitable-Jeeves-(Jeeves,-#2).jpg|height=120","attachmentsThe-Inimitable-Jeeves-(Jeeves,-#2).jpgheight=120",False
"The Inimitable Jeeves (Jeeves, #2)","The-Inimitable-Jeeves-(Jeeves,-#2)",True
attachments/Ecology-and-Equity.jpg|height=120,attachmentsEcology-and-Equity.jpgheight=120,False
Ecology and Equity,Ecology-and-Equity,True
attachments/This-Fissured-Land-An-Ecological-History-of-India-(Oxford-India-Paperbacks).jpg|height=120,attachmentsThis-Fissured-Land-An-Ecological-History-of-India-(Oxford-India-Paperbacks).jpgheight=120,False
This Fissured Land: An Ecological History of India (Oxford India Paperbacks),This-Fissured-Land-An-Ecological-History-of-India-(Oxford-India-Paperbacks),True
attachments/Ecological-Journeys-;-The-Science-and-Politics-of-Conservation-in-India.jpg|height=120,attachmentsEcological-Journeys-;-The-Science-and-Politics-of-Conservation-in-India.jpgheight=120,False
Ecological Journeys ; The Science and Politics of Conservation in India,Ecological-Journeys-;-The-Science-and-Politics-of-Conservation-in-India,True
"attachments/Better-Health-Systems-for-India's-Poor-Findings,-Analysis,-and-Options-(Health,-Nutrition,-and-Population-Series).jpg|height=120","attachmentsBetter-Health-Systems-for-India's-Poor-Findings,-Analysis,-and-Options-(Health,-Nutrition,-and-Population-Series).jpgheight=120",False
"Better Health Systems for India's Poor: Findings, Analysis, and Options (Health, Nutrition, and Population Series)","Better-Health-Systems-for-India's-Poor-Findings,-Analysis,-and-Options-(Health,-Nutrition,-and-Population-Series)",True
